{"id": "a3cloud_net", "name": "a3cloud.net", "category": "unknown", "website_url": null, "ghostery_id": null, "company_id": null, "iab_vendor": null, "truste_type": null, "description": null, "privacy_url": null, "domains": ["a3cloud.net"], "overview": {"bad_qs": 0.0, "beacon": 0.0, "content_length": 513.3266631473052, "cookies": 0.14708606830881402, "font": 0.0, "has_blocking": 0.00038845782244489375, "hosts": 1.0, "https": 1.3248802255047465, "iframe": 0.03067820751616084, "image": 0.7297329601482117, "media": 0.0, "plugin": 0.0, "reach": 0.00025129937485985856, "reach_rank": 846, "referer_leaked": 0.8534617568254032, "referer_leaked_header": 0.7824636194308595, "referer_leaked_url": 0.42636732173272107, "requests": 1.922208830941164, "requests_failed": 0.4623245714513382, "requests_tracking": 0.17999541818978654, "script": 0.6626692032630457, "site_reach": 0.00022889346675822406, "site_reach_rank": 777, "stylesheet": 0.0, "tracked": 0.14708606830881402, "xhr": 0.0013446616930784785}, "date_range": ["2017-09", "2018-10"]}