{"id": "ad-delivery.net", "name": "ad-delivery.net", "category": "unknown", "website_url": null, "ghostery_id": null, "company_id": null, "iab_vendor": null, "truste_type": null, "description": null, "privacy_url": null, "domains": ["ad-delivery.net"], "overview": {"bad_qs": 0.0, "beacon": 0.0, "content_length": 2.2263220460512483, "cookies": 2.6955776353314753e-06, "font": 0.0, "has_blocking": 0.9510105720554858, "hosts": 1.0, "https": 0.9999703486460112, "iframe": 0.0, "image": 0.9988395538279898, "media": 0.0, "plugin": 0.0, "reach": 0.0018571578729794835, "reach_rank": 311, "referer_leaked": 0.0345815654836675, "referer_leaked_header": 0.0345815654836675, "referer_leaked_url": 0.0, "requests": 2.0322148483198466, "requests_failed": 1.9752168592207624, "requests_tracking": 6.7389440883286876e-06, "script": 0.9988692051819784, "site_reach": 0.00030445053345511347, "site_reach_rank": 700, "stylesheet": 0.0, "tracked": 2.6955776353314753e-06, "xhr": 0.00025338429772115865}, "date_range": ["2018-07", "2018-10"]}