{"id": "adnetworkperformance.com", "name": "adnetworkperformance.com", "category": "unknown", "website_url": null, "ghostery_id": "", "company_id": null, "iab_vendor": null, "truste_type": null, "description": null, "privacy_url": null, "domains": ["adnetworkperformance.com"], "overview": {"bad_qs": 0.0, "beacon": 0.0, "content_length": 26.2055525703027, "cookies": 0.05359125917965252, "font": 0.0, "has_blocking": 0.891778613648576, "hosts": 1.0, "https": 0.6948235715565109, "iframe": 0.018126455310764827, "image": 0.00017911517105498835, "media": 0.0, "plugin": 0.0, "reach": 6.987282537538922e-05, "reach_rank": 992, "referer_leaked": 0.06132903456922801, "referer_leaked_header": 0.05917965251656816, "referer_leaked_url": 0.04273687981372022, "requests": 2.4719326526956835, "requests_failed": 2.264481461579796, "requests_tracking": 0.07988536629052481, "script": 0.999462654486835, "site_reach": 0.00010889106671022308, "site_reach_rank": 918, "stylesheet": 0.0, "tracked": 0.05359125917965252, "xhr": 0.0003940533763209744}, "date_range": ["2017-05", "2018-10"]}