{"id": "adomik", "name": "Adomik", "category": "advertising", "website_url": null, "ghostery_id": "c_m2", "company_id": null, "iab_vendor": null, "truste_type": null, "description": null, "privacy_url": null, "domains": ["adomik.com"], "overview": {"bad_qs": 0.0, "beacon": 0.0, "content_length": 58.567533149968995, "cookies": 9.468038269810687e-06, "font": 0.0, "has_blocking": 0.7027249014140515, "hosts": 1.0, "https": 0.9956778405298314, "iframe": 0.0, "image": 0.486650066039567, "media": 0.0, "plugin": 0.0, "reach": 0.0010574763398761306, "reach_rank": 484, "referer_leaked": 0.09283884925462868, "referer_leaked_header": 0.09283884925462868, "referer_leaked_url": 0.0, "requests": 1.7731765741797128, "requests_failed": 1.1902625960414133, "requests_tracking": 1.183504783726336e-05, "script": 0.5135771668789085, "site_reach": 9.777973337244521e-05, "site_reach_rank": 934, "stylesheet": 2.367009567452672e-06, "tracked": 9.468038269810687e-06, "xhr": 0.0004497318178160076}, "date_range": ["2017-05", "2018-10"]}