{"id": "adskeeper", "name": "AdsKeeper", "category": "advertising", "website_url": null, "ghostery_id": "2632", "company_id": "adskeeper", "iab_vendor": null, "truste_type": null, "description": null, "privacy_url": null, "domains": ["adskeeper.co.uk"], "overview": {"bad_qs": 0.010328820290233545, "beacon": 0.0, "content_length": 7954.7212771896975, "cookies": 0.0570854176328361, "font": 0.004889755377155028, "has_blocking": 0.8910228413711127, "hosts": 1.0, "https": 0.7274974448101506, "iframe": 0.0620494648734562, "image": 0.1444188800389019, "media": 0.0, "plugin": 0.0, "reach": 0.0011118427295287712, "reach_rank": 463, "referer_leaked": 0.06328090879210435, "referer_leaked_header": 0.05737132874374711, "referer_leaked_url": 0.037591682913321656, "requests": 1.885221322215068, "requests_failed": 1.4306406660152995, "requests_tracking": 0.4096723503694332, "script": 0.8090226342544024, "site_reach": 0.0010189092670742305, "site_reach_rank": 439, "stylesheet": 0.0, "tracked": 0.05842942498097677, "xhr": 0.0331386736425976}, "date_range": ["2017-09", "2018-10"]}