{"id": "adspyglass", "name": "AdSpyglass", "category": "advertising", "website_url": null, "ghostery_id": "2835", "company_id": "adspyglass", "iab_vendor": null, "truste_type": null, "description": null, "privacy_url": null, "domains": ["o333o.com"], "overview": {"bad_qs": 0.0, "beacon": 0.0, "content_length": 155.77385622656342, "cookies": 0.08538754087878565, "font": 0.0, "has_blocking": 0.8236500842552568, "hosts": 1.0, "https": 0.6384084082083935, "iframe": 0.8233370410086653, "image": 0.0066005501568546475, "media": 6.6604946083296135e-06, "plugin": 0.0006860309446579503, "reach": 0.0003758064169455691, "reach_rank": 769, "referer_leaked": 0.06003103790487481, "referer_leaked_header": 0.05973797614210832, "referer_leaked_url": 0.0029106361438400413, "requests": 4.998694543056766, "requests_failed": 4.550516521356876, "requests_tracking": 0.4360825634911649, "script": 0.20069402353818794, "site_reach": 0.0007233478002893392, "site_reach_rank": 515, "stylesheet": 0.0, "tracked": 0.08538754087878565, "xhr": 0.0035234016478063656}, "date_range": ["2017-05", "2018-10"]}