{"id": "adtrue", "name": "Adtrue", "category": "advertising", "website_url": null, "ghostery_id": "2730", "company_id": "adtrue", "iab_vendor": null, "truste_type": null, "description": null, "privacy_url": null, "domains": ["adtrue.com"], "overview": {"bad_qs": 0.0, "beacon": 0.0, "content_length": 880.9698578040601, "cookies": 0.06421280285854586, "font": 0.0, "has_blocking": 0.8974642942964906, "hosts": 1.0, "https": 0.7702663170102285, "iframe": 0.06417623520315945, "image": 0.003390344049397679, "media": 0.0, "plugin": 4.701555692539154e-05, "reach": 0.00047915011536124873, "reach_rank": 718, "referer_leaked": 0.07167260455737465, "referer_leaked_header": 0.050928296051738015, "referer_leaked_url": 0.06844942693260059, "requests": 3.997320113255253, "requests_failed": 2.3169736608402203, "requests_tracking": 1.5548984986365488, "script": 0.9023591361675009, "site_reach": 0.00013000260005200105, "site_reach_rank": 886, "stylesheet": 5.2239507694879485e-06, "tracked": 0.06421280285854586, "xhr": 0.12548452143386998}, "date_range": ["2018-01", "2018-10"]}