{"id": "aemediatraffic", "name": "Aemediatraffic", "category": "site_analytics", "website_url": null, "ghostery_id": "aemediatraffic.com", "company_id": null, "iab_vendor": null, "truste_type": null, "description": null, "privacy_url": null, "domains": ["aemediatraffic.com", "hprofits.com"], "overview": {"bad_qs": 0.0, "beacon": 0.0, "content_length": 264.7197713196761, "cookies": 0.4151500714626013, "font": 0.0, "has_blocking": 0.4307765602667937, "hosts": 1.0, "https": 0.6820390662220105, "iframe": 0.5213911386374463, "image": 9.52834683182468e-05, "media": 0.0, "plugin": 0.0, "reach": 2.626957916226795e-05, "reach_rank": 1035, "referer_leaked": 0.06222010481181515, "referer_leaked_header": 0.022582181991424487, "referer_leaked_url": 0.040876607908527866, "requests": 14.818008575512149, "requests_failed": 8.26088613625536, "requests_tracking": 3.3474035254883283, "script": 0.6142925202477371, "site_reach": 0.0001333360000533344, "site_reach_rank": 884, "stylesheet": 0.0, "tracked": 0.4151500714626013, "xhr": 0.3488327775131015}, "date_range": ["2017-11", "2018-10"]}