{"id": "afgr2.com", "name": "afgr2.com", "category": "pornvertising", "website_url": null, "ghostery_id": null, "company_id": null, "iab_vendor": null, "truste_type": null, "description": null, "privacy_url": null, "domains": ["afgr2.com"], "overview": {"bad_qs": 0.0, "beacon": 0.005491153142159854, "content_length": 0.7406955460646736, "cookies": 0.16290420988407567, "font": 0.0, "has_blocking": 0.7791336180597925, "hosts": 1.0, "https": 0.8102501525320317, "iframe": 0.699816961561928, "image": 0.09151921903599756, "media": 0.0, "plugin": 0.0, "reach": 4.102509790086438e-06, "reach_rank": 1068, "referer_leaked": 0.06345332519829164, "referer_leaked_header": 0.05735204392922514, "referer_leaked_url": 0.02867602196461257, "requests": 2.3660768761439903, "requests_failed": 1.9713239780353875, "requests_tracking": 0.34899328859060397, "script": 0.3801098230628432, "site_reach": 1.4444733339111227e-05, "site_reach_rank": 1058, "stylesheet": 0.0, "tracked": 0.16290420988407567, "xhr": 0.0036607687614399033}, "date_range": ["2017-11", "2018-10"]}