{"id": "algovid.com", "name": "algovid.com", "category": "unknown", "website_url": null, "ghostery_id": null, "company_id": null, "iab_vendor": null, "truste_type": null, "description": null, "privacy_url": null, "domains": ["algovid.com"], "overview": {"bad_qs": 0.0, "beacon": 0.0, "content_length": 19161.04128265471, "cookies": 0.021785146132709272, "font": 0.0, "has_blocking": 0.8018695520700491, "hosts": 1.0, "https": 1.0187744047540792, "iframe": 0.00023665216076570122, "image": 0.10228632281984196, "media": 0.0, "plugin": 0.00010517873811808941, "reach": 0.0001903849891054085, "reach_rank": 890, "referer_leaked": 0.10377197249575998, "referer_leaked_header": 0.0748083774864911, "referer_leaked_url": 0.10164210304886867, "requests": 4.1532322740957905, "requests_failed": 1.843783279210108, "requests_tracking": 0.3639841705999132, "script": 0.903275002958152, "site_reach": 0.00036445173347911405, "site_reach_rank": 659, "stylesheet": 0.0, "tracked": 0.021785146132709272, "xhr": 0.10757155441027597}, "date_range": ["2017-06", "2018-10"]}