{"id": "alibaba.com", "name": "Alibaba", "category": "misc", "website_url": null, "ghostery_id": "", "company_id": "alibaba", "iab_vendor": null, "truste_type": null, "description": null, "privacy_url": null, "domains": ["alibaba.com", "alicdn.com"], "overview": {"bad_qs": 0.03131758056388136, "beacon": 0.0, "content_length": 2817433.0034834663, "cookies": 0.6301874202590971, "font": 0.4763966927366364, "has_blocking": 0.07123853657623841, "hosts": 1.6361794644836436, "https": 1.5511164757113531, "iframe": 0.666274152990266, "image": 0.8529653070978165, "media": 0.018921527181598518, "plugin": 0.0031200238743034413, "reach": 0.007892590556689777, "reach_rank": 97, "referer_leaked": 0.8588067097956, "referer_leaked_header": 0.8566454003116218, "referer_leaked_url": 0.08126967655837074, "requests": 80.5342462104142, "requests_failed": 21.69121658414154, "requests_tracking": 11.991228540321664, "script": 0.8941979543832086, "site_reach": 0.002850057001140023, "site_reach_rank": 216, "stylesheet": 0.8160283218755917, "tracked": 0.6332379904610614, "xhr": 0.23369575041838705}, "date_range": ["2017-05", "2018-10"]}