{"id": "amgload.net", "name": "amgload.net", "category": "unknown", "website_url": null, "ghostery_id": null, "company_id": null, "iab_vendor": null, "truste_type": null, "description": null, "privacy_url": null, "domains": ["amgload.net"], "overview": {"bad_qs": 0.0, "beacon": 0.0, "content_length": 60413.460224606824, "cookies": 0.03886441328629143, "font": 0.0, "has_blocking": 0.05513408770999762, "hosts": 1.0, "https": 0.7452242107379852, "iframe": 0.0, "image": 0.0, "media": 1.218702204022936e-05, "plugin": 0.0, "reach": 0.0004107741178409368, "reach_rank": 750, "referer_leaked": 0.9057638520739264, "referer_leaked_header": 0.9057638520739264, "referer_leaked_url": 0.0, "requests": 8.067936554363259, "requests_failed": 2.0286212212614787, "requests_tracking": 0.10029309788006753, "script": 0.0, "site_reach": 0.00028667240011466896, "site_reach_rank": 713, "stylesheet": 0.0, "tracked": 0.03886441328629143, "xhr": 0.999689230937974}, "date_range": ["2018-04", "2018-10"]}