{"id": "apicit.net", "name": "apicit.net", "category": "advertising", "website_url": null, "ghostery_id": "", "company_id": null, "iab_vendor": null, "truste_type": null, "description": null, "privacy_url": null, "domains": ["apicit.net"], "overview": {"bad_qs": 0.0, "beacon": 0.0, "content_length": 255.9813814239402, "cookies": 0.6156176371592057, "font": 0.0, "has_blocking": 0.0019486616237665854, "hosts": 1.0, "https": 0.8149302910591861, "iframe": 0.007139187585253945, "image": 0.0008326099665184503, "media": 0.0, "plugin": 0.0, "reach": 0.00014129504279474642, "reach_rank": 939, "referer_leaked": 0.6666194263848784, "referer_leaked_header": 0.6234477138656133, "referer_leaked_url": 0.347233786249535, "requests": 1.9008308384559516, "requests_failed": 0.5614094138071534, "requests_tracking": 1.0340130028875625, "script": 0.9867668160640578, "site_reach": 0.000620012400248005, "site_reach_rank": 545, "stylesheet": 0.0, "tracked": 0.6156176371592057, "xhr": 0.005155095750146149}, "date_range": ["2018-05", "2018-10"]}