{"id": "ask.com", "name": "Ask.com", "category": "social_media", "website_url": null, "ghostery_id": "c_679", "company_id": null, "iab_vendor": null, "truste_type": null, "description": null, "privacy_url": null, "domains": ["ask.com"], "overview": {"bad_qs": 0.002057862244280353, "beacon": 0.0, "content_length": 655.9908001452609, "cookies": 0.6622079651373926, "font": 0.0, "has_blocking": 0.059133276842997226, "hosts": 1.0, "https": 0.3215510632288262, "iframe": 0.4529919703022233, "image": 0.2974216196586369, "media": 0.0, "plugin": 0.0, "reach": 0.00012406650412167443, "reach_rank": 955, "referer_leaked": 0.9012024371545012, "referer_leaked_header": 0.9011419117943752, "referer_leaked_url": 0.24490578218940404, "requests": 4.248739054997377, "requests_failed": 0.6578097889682444, "requests_tracking": 1.7263446717507969, "script": 0.11372715167655248, "site_reach": 7.889046669822286e-05, "site_reach_rank": 959, "stylesheet": 0.0028850421660008875, "tracked": 0.6638623249808336, "xhr": 0.17919541621272647}, "date_range": ["2017-05", "2018-10"]}