{"id": "autoscout24.com", "name": "Autoscout24", "category": "misc", "website_url": null, "ghostery_id": "", "company_id": "scout24", "iab_vendor": null, "truste_type": null, "description": null, "privacy_url": null, "domains": ["autoscout24.com", "autoscout24.net"], "overview": {"bad_qs": 0.0, "beacon": 0.0, "content_length": 278700.9985325813, "cookies": 0.013894620993259046, "font": 0.0, "has_blocking": 0.01967258219837667, "hosts": 1.158068510111432, "https": 1.0889164029898657, "iframe": 0.005548677030311368, "image": 0.6373641491264272, "media": 0.0, "plugin": 0.0, "reach": 5.458415557804452e-05, "reach_rank": 1004, "referer_leaked": 0.8651809052139221, "referer_leaked_header": 0.8651809052139221, "referer_leaked_url": 0.0, "requests": 17.933370018801302, "requests_failed": 4.363965699087449, "requests_tracking": 0.21451827394873205, "script": 0.3741459164488467, "site_reach": 7.889046669822286e-05, "site_reach_rank": 959, "stylesheet": 0.009079653322327692, "tracked": 0.013894620993259046, "xhr": 0.15109827119732194}, "date_range": ["2017-05", "2018-10"]}