{"id": "bahn_de", "name": "Deutsche Bahn", "category": "misc", "website_url": null, "ghostery_id": null, "company_id": null, "iab_vendor": null, "truste_type": null, "description": null, "privacy_url": null, "domains": ["bahn.de", "img-bahn.de"], "overview": {"bad_qs": 0.0, "beacon": 3.595169530219198e-06, "content_length": 193831.393361879, "cookies": 0.019597269109224845, "font": 0.20627285179632648, "has_blocking": 0.3345305247868963, "hosts": 1.004051756060557, "https": 0.9997087912680522, "iframe": 0.002735924012496809, "image": 0.7564632160229515, "media": 3.595169530219198e-06, "plugin": 0.0, "reach": 0.0006962277001966643, "reach_rank": 612, "referer_leaked": 0.7800187667849477, "referer_leaked_header": 0.7797599145787719, "referer_leaked_url": 0.00304510859209566, "requests": 31.06325700788421, "requests_failed": 8.314228602449749, "requests_tracking": 0.09319757973187226, "script": 0.965752415055132, "site_reach": 6.555686669288942e-05, "site_reach_rank": 981, "stylesheet": 0.7892044249346578, "tracked": 0.019597269109224845, "xhr": 0.0054071349734496725}, "date_range": ["2017-05", "2018-10"]}