{"id": "bangdom.com", "name": "BangBros", "category": "pornvertising", "website_url": null, "ghostery_id": "bangdom.com", "company_id": null, "iab_vendor": null, "truste_type": null, "description": null, "privacy_url": null, "domains": ["bangdom.com"], "overview": {"bad_qs": 0.0, "beacon": 0.0, "content_length": 1.9339394399661507, "cookies": 0.047145042474477344, "font": 0.0, "has_blocking": 0.9047280657025376, "hosts": 1.0, "https": 0.9946676358586573, "iframe": 0.0, "image": 0.0, "media": 0.0, "plugin": 0.0, "reach": 0.0004614284745352499, "reach_rank": 724, "referer_leaked": 0.04919010990203205, "referer_leaked_header": 0.04919010990203205, "referer_leaked_url": 0.0, "requests": 1.0206188363186617, "requests_failed": 0.9650602671064196, "requests_tracking": 0.05252622785414384, "script": 0.9956549097892008, "site_reach": 3.33340000133336e-05, "site_reach_rank": 1029, "stylesheet": 0.0, "tracked": 0.047145042474477344, "xhr": 0.00015731287904266976}, "date_range": ["2017-05", "2018-10"]}