{"id": "baur.de", "name": "baur.de", "category": "misc", "website_url": null, "ghostery_id": "baur.de", "company_id": null, "iab_vendor": null, "truste_type": null, "description": null, "privacy_url": null, "domains": ["baur.de"], "overview": {"bad_qs": 0.0, "beacon": 0.0, "content_length": 4330.113734473302, "cookies": 0.7866946281658332, "font": 0.00015486368769156316, "has_blocking": 0.001800290369414422, "hosts": 1.0, "https": 1.0001355057267298, "iframe": 9.678980480722698e-05, "image": 0.9994257138248104, "media": 0.0, "plugin": 0.0, "reach": 0.0003879111987301073, "reach_rank": 763, "referer_leaked": 0.668307791579287, "referer_leaked_header": 0.6683013389256331, "referer_leaked_url": 6.452653653815132e-06, "requests": 1.4821100177447974, "requests_failed": 0.4398773995805775, "requests_tracking": 0.975705758993386, "script": 0.0002129375705758993, "site_reach": 2.8889466678222448e-05, "site_reach_rank": 1039, "stylesheet": 0.0004194224874979835, "tracked": 0.7866946281658332, "xhr": 0.000245200838844975}, "date_range": ["2017-09", "2018-10"]}