{"id": "belboon_gmbh", "name": "belboon GmbH", "category": "misc", "website_url": null, "ghostery_id": "c_2583", "company_id": null, "iab_vendor": null, "truste_type": null, "description": null, "privacy_url": null, "domains": ["belboon.de"], "overview": {"bad_qs": 0.011180351906158358, "beacon": 0.0, "content_length": 2206.9384622434022, "cookies": 0.16445197947214074, "font": 0.0, "has_blocking": 0.03874175219941349, "hosts": 1.0, "https": 0.9833554802052786, "iframe": 0.07921325146627567, "image": 0.1143007697947214, "media": 0.0, "plugin": 0.002302510997067449, "reach": 0.0002185068301619193, "reach_rank": 875, "referer_leaked": 0.6091229838709677, "referer_leaked_header": 0.6091229838709677, "referer_leaked_url": 0.0003665689149560117, "requests": 2.5975646077712606, "requests_failed": 0.9083806818181818, "requests_tracking": 0.9032143511730204, "script": 0.8947145344574781, "site_reach": 0.0004666760001866704, "site_reach_rank": 602, "stylesheet": 0.0, "tracked": 0.16572351539589442, "xhr": 0.0013288123167155426}, "date_range": ["2017-05", "2018-10"]}