{"id": "bongacams.com", "name": "bongacams.com", "category": "pornvertising", "website_url": null, "ghostery_id": "bongacams.com", "company_id": null, "iab_vendor": null, "truste_type": null, "description": null, "privacy_url": null, "domains": ["bongacams.com"], "overview": {"bad_qs": 0.008358089491588037, "beacon": 0.0, "content_length": 419113.547000785, "cookies": 0.1211384241230163, "font": 0.00010774701002047193, "has_blocking": 0.7062431696091862, "hosts": 1.0, "https": 0.7921560176705097, "iframe": 0.5815183092954885, "image": 0.04786276109409392, "media": 0.07167485030861823, "plugin": 0.00033093724506287815, "reach": 0.00032523215806289893, "reach_rank": 797, "referer_leaked": 0.15214647436390782, "referer_leaked_header": 0.15214647436390782, "referer_leaked_url": 0.0, "requests": 2.7981821540166547, "requests_failed": 1.3868348546184983, "requests_tracking": 0.4946280419289793, "script": 0.3265042252220358, "site_reach": 0.00038111873348578085, "site_reach_rank": 648, "stylesheet": 0.002285775855434297, "tracked": 0.12824203056936598, "xhr": 0.0006926593501316052}, "date_range": ["2017-06", "2018-10"]}