{"id": "booking.com", "name": "Booking.com", "category": "misc", "website_url": null, "ghostery_id": "c_1707", "company_id": null, "iab_vendor": null, "truste_type": null, "description": null, "privacy_url": null, "domains": ["booking.com", "bstatic.com"], "overview": {"bad_qs": 0.011086305385843787, "beacon": 0.00029555006475088787, "content_length": 1996959.2418044445, "cookies": 0.11727140553123536, "font": 0.4553965693946785, "has_blocking": 0.04719426060842, "hosts": 1.1141713078090365, "https": 1.661526849769995, "iframe": 0.11805953903723773, "image": 0.9072560718854028, "media": 7.944894213733544e-06, "plugin": 0.07816345825355335, "reach": 0.0015752611340720249, "reach_rank": 364, "referer_leaked": 0.2580453971255373, "referer_leaked_header": 0.2580024946967831, "referer_leaked_url": 0.0010836835707532554, "requests": 109.80757942907991, "requests_failed": 33.140499098254516, "requests_tracking": 0.5079981250049656, "script": 0.8420555030309771, "site_reach": 0.001063354600425342, "site_reach_rank": 429, "stylesheet": 0.8617810863848347, "tracked": 0.11769884083993422, "xhr": 0.04060635432639215}, "date_range": ["2017-05", "2018-10"]}