{"id": "boudja.com", "name": "boudja.com", "category": "unknown", "website_url": null, "ghostery_id": null, "company_id": null, "iab_vendor": null, "truste_type": null, "description": null, "privacy_url": null, "domains": ["boudja.com"], "overview": {"bad_qs": 0.0, "beacon": 0.0, "content_length": 767.0356527305855, "cookies": 0.13926811676066495, "font": 0.0, "has_blocking": 0.8162268009582323, "hosts": 1.0, "https": 0.8900784719265162, "iframe": 0.8462338399682521, "image": 0.17423142990391607, "media": 0.0, "plugin": 0.0, "reach": 0.0008641027011737951, "reach_rank": 548, "referer_leaked": 0.1293352915106063, "referer_leaked_header": 0.1293352915106063, "referer_leaked_url": 0.0, "requests": 1.363244780849258, "requests_failed": 1.1158858579626263, "requests_tracking": 0.22103939817912688, "script": 0.0, "site_reach": 0.0008955734670248961, "site_reach_rank": 464, "stylesheet": 0.0, "tracked": 0.13926811676066495, "xhr": 0.15302749848646802}, "date_range": ["2018-05", "2018-10"]}