{"id": "brightonclick.com", "name": "brightonclick.com", "category": "advertising", "website_url": null, "ghostery_id": null, "company_id": null, "iab_vendor": null, "truste_type": null, "description": null, "privacy_url": null, "domains": ["brightonclick.com"], "overview": {"bad_qs": 0.0, "beacon": 0.0, "content_length": 2.7855286985276746, "cookies": 0.020825131879379576, "font": 0.0, "has_blocking": 0.9323675301157388, "hosts": 1.0, "https": 0.02708448153688686, "iframe": 0.016140461380993624, "image": 0.0, "media": 0.0, "plugin": 0.0, "reach": 6.358264410480519e-05, "reach_rank": 997, "referer_leaked": 0.017006534918510355, "referer_leaked_header": 0.015116919927564759, "referer_leaked_url": 0.009369340996771908, "requests": 2.336194000472404, "requests_failed": 2.1985670419651995, "requests_tracking": 0.08944177623809149, "script": 0.9997244311471538, "site_reach": 7.000140002800056e-05, "site_reach_rank": 973, "stylesheet": 0.0, "tracked": 0.020825131879379576, "xhr": 0.00011810093693409968}, "date_range": ["2017-10", "2018-10"]}