{"id": "bumlam.com", "name": "bumlam.com", "category": "unknown", "website_url": null, "ghostery_id": null, "company_id": null, "iab_vendor": null, "truste_type": null, "description": null, "privacy_url": null, "domains": ["bumlam.com"], "overview": {"bad_qs": 0.0, "beacon": 1.183726133121841e-05, "content_length": 21.262633317155746, "cookies": 0.3363054723659134, "font": 0.0, "has_blocking": 0.0002485824879555866, "hosts": 1.0, "https": 0.9812882491506764, "iframe": 0.003474236200712603, "image": 0.9961765645900164, "media": 0.0, "plugin": 2.9593153328046024e-06, "reach": 0.0008458228787229096, "reach_rank": 553, "referer_leaked": 0.7897228897122361, "referer_leaked_header": 0.7897169710815706, "referer_leaked_url": 5.918630665609205e-06, "requests": 1.4991122054001589, "requests_failed": 0.2949164881213083, "requests_tracking": 0.4543111305768298, "script": 0.007188176943382379, "site_reach": 0.001078910467098231, "site_reach_rank": 426, "stylesheet": 0.0, "tracked": 0.3363054723659134, "xhr": 7.990151398572427e-05}, "date_range": ["2017-10", "2018-10"]}