{"id": "bunchbox", "name": "Bunchbox", "category": "site_analytics", "website_url": null, "ghostery_id": "2366", "company_id": "bunchbox", "iab_vendor": null, "truste_type": null, "description": null, "privacy_url": null, "domains": ["bunchbox.co"], "overview": {"bad_qs": 0.0, "beacon": 0.007476595006934813, "content_length": 29479.37346133842, "cookies": 0.005677877947295422, "font": 0.0, "has_blocking": 0.04074202496532594, "hosts": 1.0, "https": 1.1976855062413314, "iframe": 0.0, "image": 0.18388089459084608, "media": 0.0, "plugin": 0.0, "reach": 0.00011550104438910835, "reach_rank": 964, "referer_leaked": 0.8198032246879334, "referer_leaked_header": 0.8179394937586685, "referer_leaked_url": 0.1658503814147018, "requests": 1.8464155686546464, "requests_failed": 0.5580573855755895, "requests_tracking": 0.030144764216366162, "script": 0.978003640776699, "site_reach": 7.111253336177835e-05, "site_reach_rank": 970, "stylesheet": 0.0003900832177531207, "tracked": 0.005677877947295422, "xhr": 0.0006718099861303745}, "date_range": ["2017-05", "2018-10"]}