{"id": "cdn-net.com", "name": "cdn-net.com", "category": "unknown", "website_url": null, "ghostery_id": "cdn-net.com", "company_id": null, "iab_vendor": null, "truste_type": null, "description": null, "privacy_url": null, "domains": ["cdn-net.com"], "overview": {"bad_qs": 0.01048233046800382, "beacon": 0.0, "content_length": 18477.149474689588, "cookies": 0.5909025787965616, "font": 0.0, "has_blocking": 3.581661891117478e-05, "hosts": 1.0, "https": 1.39329035339064, "iframe": 0.5736509073543458, "image": 0.0009551098376313276, "media": 0.0, "plugin": 0.08670009551098376, "reach": 0.00020965602197537528, "reach_rank": 881, "referer_leaked": 0.6026265520534861, "referer_leaked_header": 0.6026265520534861, "referer_leaked_url": 0.0, "requests": 3.1694842406876784, "requests_failed": 0.9109360076408788, "requests_tracking": 1.3828915950334288, "script": 0.8180515759312321, "site_reach": 0.0002433382000973353, "site_reach_rank": 761, "stylesheet": 5.969436485195797e-05, "tracked": 0.5910458452722063, "xhr": 0.002435530085959885}, "date_range": ["2017-06", "2018-10"]}