{"id": "cdn13.com", "name": "cdn13.com", "category": "misc", "website_url": null, "ghostery_id": "cdn13.com", "company_id": null, "iab_vendor": null, "truste_type": null, "description": null, "privacy_url": null, "domains": ["cdn13.com"], "overview": {"bad_qs": 0.0, "beacon": 0.0, "content_length": 254163951.38880318, "cookies": 7.056864211818837e-06, "font": 2.117059263545651e-05, "has_blocking": 0.008930461660056737, "hosts": 1.0, "https": 1.6470332942853514, "iframe": 0.0002734534882079799, "image": 0.015480995864677572, "media": 0.5606396341721592, "plugin": 0.0038406983472824016, "reach": 0.0014187925620841705, "reach_rank": 395, "referer_leaked": 0.5437296233045884, "referer_leaked_header": 0.5436766968229997, "referer_leaked_url": 0.0005469069764159598, "requests": 22.85211811779318, "requests_failed": 6.424976712348101, "requests_tracking": 7.056864211818837e-05, "script": 7.93897223829619e-05, "site_reach": 0.0006022342669075604, "site_reach_rank": 557, "stylesheet": 0.0006298251309048311, "tracked": 7.056864211818837e-06, "xhr": 0.5184713420744358}, "date_range": ["2017-05", "2018-10"]}