{"id": "cdnsure.com", "name": "cdnsure.com", "category": "unknown", "website_url": null, "ghostery_id": null, "company_id": null, "iab_vendor": null, "truste_type": null, "description": null, "privacy_url": null, "domains": ["cdnsure.com"], "overview": {"bad_qs": 0.0, "beacon": 0.0, "content_length": 34.260770751895784, "cookies": 0.8634171689059124, "font": 0.0, "has_blocking": 0.0014407803833420593, "hosts": 1.0, "https": 0.8144949329932147, "iframe": 0.9999593222296144, "image": 0.0, "media": 0.0, "plugin": 0.0, "reach": 0.0019075469056727293, "reach_rank": 298, "referer_leaked": 0.7688794061570398, "referer_leaked_header": 0.7688794061570398, "referer_leaked_url": 2.624372282954571e-05, "requests": 1.4057003990358057, "requests_failed": 0.23781799190906025, "requests_tracking": 1.1519892085811725, "script": 7.873116848863714e-06, "site_reach": 0.007915713869832952, "site_reach_rank": 101, "stylesheet": 7.873116848863714e-06, "tracked": 0.8634171689059124, "xhr": 0.0}, "date_range": ["2018-09", "2018-10"]}