{"id": "chaturbate.com", "name": "chaturbate.com", "category": "pornvertising", "website_url": null, "ghostery_id": "chaturbate.com", "company_id": null, "iab_vendor": null, "truste_type": null, "description": null, "privacy_url": null, "domains": ["chaturbate.com"], "overview": {"bad_qs": 0.0008152813267746048, "beacon": 0.0, "content_length": 33467.9577312198, "cookies": 0.1839471653926756, "font": 0.0, "has_blocking": 0.7560065441373612, "hosts": 1.0, "https": 0.8820960937628243, "iframe": 0.8821398672568793, "image": 0.11408466888087593, "media": 0.0, "plugin": 0.011879031949178971, "reach": 0.0004574561236890833, "reach_rank": 728, "referer_leaked": 0.07813021520144015, "referer_leaked_header": 0.07720550013952801, "referer_leaked_url": 0.0010943373513753083, "requests": 3.1061178929628634, "requests_failed": 1.545270000383018, "requests_tracking": 1.5670910871694417, "script": 0.0620708145700075, "site_reach": 0.00098890866706223, "site_reach_rank": 443, "stylesheet": 1.6415060270629627e-05, "tracked": 0.1841824479232213, "xhr": 0.02512051390082021}, "date_range": ["2017-06", "2018-10"]}