{"id": "congstar.de", "name": "congstar.de", "category": "advertising", "website_url": null, "ghostery_id": "congstar.de", "company_id": null, "iab_vendor": null, "truste_type": null, "description": null, "privacy_url": null, "domains": ["congstar.de"], "overview": {"bad_qs": 0.0, "beacon": 0.0, "content_length": 624.1103760445683, "cookies": 0.9885793871866296, "font": 0.0001392757660167131, "has_blocking": 0.0009052924791086352, "hosts": 1.0, "https": 0.9671309192200556, "iframe": 0.925766016713092, "image": 0.04164345403899721, "media": 0.0003481894150417828, "plugin": 0.0, "reach": 3.5943892974765866e-05, "reach_rank": 1023, "referer_leaked": 0.20571030640668525, "referer_leaked_header": 0.20543175487465185, "referer_leaked_url": 0.0002785515320334262, "requests": 1.6651114206128137, "requests_failed": 0.4530640668523677, "requests_tracking": 1.2468662952646241, "script": 0.0002785515320334262, "site_reach": 9.444633337111188e-05, "site_reach_rank": 937, "stylesheet": 0.0001392757660167131, "tracked": 0.9885793871866296, "xhr": 0.0008356545961002785}, "date_range": ["2017-05", "2018-10"]}