{"id": "cpx.to", "name": "cpx.to", "category": "unknown", "website_url": null, "ghostery_id": "cpx.to", "company_id": null, "iab_vendor": null, "truste_type": null, "description": null, "privacy_url": null, "domains": ["cpx.to"], "overview": {"bad_qs": 0.004230550341698297, "beacon": 0.0, "content_length": 696.0600913971613, "cookies": 0.43910120469663577, "font": 0.0, "has_blocking": 0.37646654194537454, "hosts": 1.0, "https": 1.1171537017701068, "iframe": 0.0009855346949854947, "image": 0.3302142728249989, "media": 0.0, "plugin": 0.0, "reach": 0.001622929344226025, "reach_rank": 354, "referer_leaked": 0.3527766938781176, "referer_leaked_header": 0.33142652676906564, "referer_leaked_url": 0.21138254015012825, "requests": 2.467023145413408, "requests_failed": 1.3066478093830922, "requests_tracking": 1.0958004500454208, "script": 0.8609115964582443, "site_reach": 0.0020589300674902387, "site_reach_rank": 273, "stylesheet": 0.0, "tracked": 0.4394328008772647, "xhr": 0.0011443924001240016}, "date_range": ["2017-05", "2018-10"]}