{"id": "cqq5id8n.com", "name": "cqq5id8n.com", "category": "unknown", "website_url": null, "ghostery_id": "cqq5id8n.com", "company_id": null, "iab_vendor": null, "truste_type": null, "description": null, "privacy_url": null, "domains": ["cqq5id8n.com"], "overview": {"bad_qs": 0.0, "beacon": 0.0, "content_length": 3.5618541696987336, "cookies": 0.7393392519283947, "font": 0.0, "has_blocking": 0.0, "hosts": 1.0, "https": 0.9645611992431959, "iframe": 0.0, "image": 0.9999272303885898, "media": 0.0, "plugin": 0.0, "reach": 3.4397003987411736e-05, "reach_rank": 1025, "referer_leaked": 0.27426866540532674, "referer_leaked_header": 0.27426866540532674, "referer_leaked_url": 0.0, "requests": 3.0165187017901323, "requests_failed": 0.9704555377674284, "requests_tracking": 2.0384223548246254, "script": 0.0, "site_reach": 5.333440002133376e-05, "site_reach_rank": 1002, "stylesheet": 0.0, "tracked": 0.7393392519283947, "xhr": 0.0}, "date_range": ["2017-06", "2018-10"]}