{"id": "dailymotion", "name": "Dailymotion", "category": "misc", "website_url": null, "ghostery_id": "c_1475", "company_id": "vivendi", "iab_vendor": null, "truste_type": null, "description": null, "privacy_url": null, "domains": ["dailymotion.com", "dailymotionbus.com", "dm-event.net", "dmcdn.net"], "overview": {"bad_qs": 0.03394768540146249, "beacon": 0.0007589832026929492, "content_length": 2561903.94396134, "cookies": 0.5578958871997243, "font": 0.4332076767788369, "has_blocking": 0.006615883644992812, "hosts": 2.139304641686672, "https": 1.1427500891685172, "iframe": 0.5590535767683888, "image": 0.6380010399991354, "media": 0.002458288949228587, "plugin": 0.0005932558578011344, "reach": 0.002084277720949632, "reach_rank": 273, "referer_leaked": 0.9113406741740352, "referer_leaked_header": 0.8928560706046527, "referer_leaked_url": 0.2352307513093061, "requests": 66.47280930667125, "requests_failed": 11.493590074613333, "requests_tracking": 2.975854246402936, "script": 0.9173188678180314, "site_reach": 0.0020211515341417943, "site_reach_rank": 275, "stylesheet": 0.09153673682857907, "tracked": 0.5602040608003189, "xhr": 0.6002476302791064}, "date_range": ["2017-05", "2018-10"]}