{"id": "datds.net", "name": "datds.net", "category": "extensions", "website_url": null, "ghostery_id": null, "company_id": null, "iab_vendor": null, "truste_type": null, "description": null, "privacy_url": null, "domains": ["datds.net"], "overview": {"bad_qs": 0.11049824914746068, "beacon": 0.0, "content_length": 756.7762112924268, "cookies": 0.9415238138832308, "font": 0.0, "has_blocking": 0.00013732176778889066, "hosts": 1.0, "https": 0.8387842446158423, "iframe": 0.002067455503932743, "image": 0.0, "media": 1.5257974198765631e-05, "plugin": 0.0, "reach": 0.0003280981578857476, "reach_rank": 795, "referer_leaked": 0.6999671953554727, "referer_leaked_header": 0.6999366794070752, "referer_leaked_url": 0.0008239306067333441, "requests": 1.553208370524645, "requests_failed": 0.5181913197384783, "requests_tracking": 1.1591788158286225, "script": 0.002036939555535212, "site_reach": 0.0015166970006066788, "site_reach_rank": 343, "stylesheet": 0.0, "tracked": 0.9538980309584296, "xhr": 0.997490063244303}, "date_range": ["2018-04", "2018-10"]}