{"id": "davebestdeals.com", "name": "davebestdeals.com", "category": "extensions", "website_url": null, "ghostery_id": null, "company_id": null, "iab_vendor": null, "truste_type": null, "description": null, "privacy_url": null, "domains": ["davebestdeals.com"], "overview": {"bad_qs": 0.16850619595967645, "beacon": 0.0, "content_length": 16546.11017253058, "cookies": 0.3185639717894569, "font": 0.01597800533928358, "has_blocking": 0.00948320516396382, "hosts": 1.0, "https": 1.3803243415547677, "iframe": 0.831453958640475, "image": 0.05303422719846994, "media": 0.0, "plugin": 0.0, "reach": 6.28192118375835e-05, "reach_rank": 998, "referer_leaked": 0.8553213531497789, "referer_leaked_header": 0.8306570506435033, "referer_leaked_url": 0.3437064190939156, "requests": 18.354424831653187, "requests_failed": 5.435589911144757, "requests_tracking": 3.319958560784157, "script": 0.9874486990476948, "site_reach": 0.00045445353351511474, "site_reach_rank": 609, "stylesheet": 0.20034267043869786, "tracked": 0.42770052197473796, "xhr": 0.8381479858150377}, "date_range": ["2017-10", "2018-10"]}