{"id": "dcbap.com", "name": "dcbap.com", "category": "extensions", "website_url": null, "ghostery_id": null, "company_id": null, "iab_vendor": null, "truste_type": null, "description": null, "privacy_url": null, "domains": ["dcbap.com"], "overview": {"bad_qs": 0.0001994084216823424, "beacon": 0.0, "content_length": 163.57805177972014, "cookies": 3.323473694705706e-05, "font": 0.0, "has_blocking": 0.0004320515803117417, "hosts": 1.0, "https": 0.8440293795074612, "iframe": 0.0, "image": 0.0, "media": 0.0, "plugin": 0.0, "reach": 7.531447045388093e-05, "reach_rank": 990, "referer_leaked": 0.2330419754727641, "referer_leaked_header": 0.2330419754727641, "referer_leaked_url": 0.0, "requests": 2.117152447738376, "requests_failed": 1.314533550466948, "requests_tracking": 0.0007976336867293695, "script": 0.9970088736747648, "site_reach": 0.0003622294668115585, "site_reach_rank": 661, "stylesheet": 0.0, "tracked": 0.00023264315862939945, "xhr": 0.0002658778955764565}, "date_range": ["2017-12", "2018-10"]}