{"id": "defpush.com", "name": "defpush.com", "category": "unknown", "website_url": null, "ghostery_id": null, "company_id": null, "iab_vendor": null, "truste_type": null, "description": null, "privacy_url": null, "domains": ["defpush.com"], "overview": {"bad_qs": 0.0, "beacon": 0.0, "content_length": 6.514317659948072, "cookies": 0.043478260869565216, "font": 0.0, "has_blocking": 0.9186639852320992, "hosts": 1.0, "https": 0.9418138704206752, "iframe": 0.0, "image": 0.0, "media": 0.0, "plugin": 0.0, "reach": 0.0003335623304737639, "reach_rank": 787, "referer_leaked": 0.04070927946451351, "referer_leaked_header": 0.040671759391274334, "referer_leaked_url": 0.00042022482027884915, "requests": 1.5923218922123337, "requests_failed": 1.4262730560850054, "requests_tracking": 0.06367906830154133, "script": 0.9993921748135252, "site_reach": 0.00018778153340844598, "site_reach_rank": 830, "stylesheet": 0.0, "tracked": 0.043478260869565216, "xhr": 0.04242019480422026}, "date_range": ["2018-04", "2018-10"]}