{"id": "deviantart.net", "name": "deviantart.net", "category": "misc", "website_url": null, "ghostery_id": "", "company_id": null, "iab_vendor": null, "truste_type": null, "description": null, "privacy_url": null, "domains": ["dapxl.com", "deviantart.net"], "overview": {"bad_qs": 0.0, "beacon": 0.0, "content_length": 275172.03430772835, "cookies": 0.00439108487628674, "font": 0.004927706283876729, "has_blocking": 0.046770159845100634, "hosts": 1.003864475062122, "https": 0.9886828947921692, "iframe": 2.002318685037273e-06, "image": 0.9944776050666672, "media": 3.804405501570819e-05, "plugin": 0.00029033620933040466, "reach": 0.0012500790371414027, "reach_rank": 428, "referer_leaked": 0.5333175817596777, "referer_leaked_header": 0.5115123312796218, "referer_leaked_url": 0.4016531143063668, "requests": 3.5062922864677297, "requests_failed": 1.2418901087459278, "requests_tracking": 0.08006071030253033, "script": 0.010946676251098773, "site_reach": 0.0008166830003266733, "site_reach_rank": 487, "stylesheet": 0.01126304260333466, "tracked": 0.00439108487628674, "xhr": 3.804405501570819e-05}, "date_range": ["2018-07", "2018-10"]}