{"id": "digidip", "name": "Digidip", "category": "advertising", "website_url": null, "ghostery_id": "2938", "company_id": "digidip", "iab_vendor": null, "truste_type": null, "description": null, "privacy_url": null, "domains": ["digidip.net"], "overview": {"bad_qs": 0.0, "beacon": 0.0, "content_length": 2268.7369271743146, "cookies": 0.0012080682294718658, "font": 0.0, "has_blocking": 0.003529780964732739, "hosts": 1.0, "https": 0.5957692617453392, "iframe": 0.000938682900141358, "image": 5.5543366872269685e-06, "media": 0.0, "plugin": 0.0, "reach": 0.0009012981224554819, "reach_rank": 534, "referer_leaked": 0.5820861533163556, "referer_leaked_header": 0.5580414297973499, "referer_leaked_url": 0.5782536610021689, "requests": 1.2598596419119137, "requests_failed": 0.584618930845731, "requests_tracking": 0.0016468608277627964, "script": 0.9989752248812066, "site_reach": 0.0001344471333871122, "site_reach_rank": 882, "stylesheet": 0.0, "tracked": 0.0012080682294718658, "xhr": 0.03338156349023408}, "date_range": ["2017-05", "2018-10"]}