{"id": "dimml", "name": "DimML", "category": "misc", "website_url": null, "ghostery_id": "c_3410", "company_id": null, "iab_vendor": null, "truste_type": null, "description": null, "privacy_url": null, "domains": ["dimml.io"], "overview": {"bad_qs": 0.046635772832908894, "beacon": 0.0, "content_length": 849.747494398753, "cookies": 0.6729623290054134, "font": 0.0, "has_blocking": 0.00018647629385324041, "hosts": 1.0, "https": 1.2509803921568627, "iframe": 0.0, "image": 0.07282595082035652, "media": 0.0, "plugin": 0.0, "reach": 0.0008993357260702301, "reach_rank": 536, "referer_leaked": 0.8091818700510722, "referer_leaked_header": 0.7856719408842316, "referer_leaked_url": 0.6652444370225024, "requests": 6.662845294256807, "requests_failed": 1.6899678537135223, "requests_tracking": 1.6168190484142555, "script": 0.9860337605588724, "site_reach": 0.00019667060007866823, "site_reach_rank": 822, "stylesheet": 0.0, "tracked": 0.6928484949693149, "xhr": 0.0005455127402273899}, "date_range": ["2017-05", "2018-10"]}