{"id": "dynamic_yield", "name": "Dynamic Yield", "category": "misc", "website_url": null, "ghostery_id": "c_2280", "company_id": null, "iab_vendor": null, "truste_type": null, "description": null, "privacy_url": null, "domains": ["dynamicyield.com"], "overview": {"bad_qs": 0.21935075898365147, "beacon": 0.0, "content_length": 142450.65758844506, "cookies": 0.7935035699597703, "font": 0.0005921587665781264, "has_blocking": 0.3837436184456683, "hosts": 1.0, "https": 1.5990760467913654, "iframe": 0.0012708994938047515, "image": 0.06972012381220373, "media": 0.0, "plugin": 6.029815116591886e-05, "reach": 0.0016189419750401752, "reach_rank": 355, "referer_leaked": 0.8046138908387009, "referer_leaked_header": 0.7710278206392841, "referer_leaked_url": 0.5609459697643424, "requests": 20.65480081510732, "requests_failed": 15.508369074160541, "requests_tracking": 3.1863352020606506, "script": 0.9932991746883822, "site_reach": 0.0006244569335831161, "site_reach_rank": 543, "stylesheet": 0.00228514531854431, "tracked": 0.8129072057836749, "xhr": 0.6748615461682844}, "date_range": ["2017-05", "2018-10"]}