{"id": "dynamic_1001_gmbh", "name": "Dynamic 1001 GmbH", "category": "misc", "website_url": null, "ghostery_id": "c_2789", "company_id": null, "iab_vendor": null, "truste_type": null, "description": null, "privacy_url": null, "domains": ["dyntracker.de", "media01.eu"], "overview": {"bad_qs": 0.015348308025052944, "beacon": 0.0, "content_length": 40853.446694903796, "cookies": 0.7072950930473573, "font": 0.0, "has_blocking": 0.04931171991168386, "hosts": 1.0, "https": 0.9942155184067047, "iframe": 0.019212138962736, "image": 0.007564322083539855, "media": 0.0, "plugin": 0.0, "reach": 0.0004444026834478991, "reach_rank": 733, "referer_leaked": 0.6627145946920201, "referer_leaked_header": 0.6627145946920201, "referer_leaked_url": 0.0, "requests": 3.2569898166088405, "requests_failed": 0.9745809489478664, "requests_tracking": 1.7294867751092686, "script": 0.9681149461541928, "site_reach": 0.00018667040007466816, "site_reach_rank": 836, "stylesheet": 0.0, "tracked": 0.7123529941873564, "xhr": 0.6533929617446943}, "date_range": ["2017-05", "2018-10"]}