{"id": "dyncdn.me", "name": "dyncdn.me", "category": "unknown", "website_url": null, "ghostery_id": null, "company_id": null, "iab_vendor": null, "truste_type": null, "description": null, "privacy_url": null, "domains": ["dyncdn.me"], "overview": {"bad_qs": 0.0, "beacon": 0.0, "content_length": 45294.003413780476, "cookies": 2.116315982255505e-05, "font": 0.0, "has_blocking": 0.8682544462984819, "hosts": 1.0, "https": 0.9813340930365064, "iframe": 1.6279353709657729e-06, "image": 0.9138757071344268, "media": 0.0, "plugin": 0.0, "reach": 0.0015375651014675699, "reach_rank": 368, "referer_leaked": 0.9662382483415408, "referer_leaked_header": 0.9662382483415408, "referer_leaked_url": 0.0, "requests": 18.866862561556307, "requests_failed": 6.661026413251394, "requests_tracking": 0.0002653534654674209, "script": 0.9529673191974278, "site_reach": 0.00010222426670755638, "site_reach_rank": 928, "stylesheet": 0.9482967726181272, "tracked": 2.116315982255505e-05, "xhr": 0.0009360628383053194}, "date_range": ["2018-04", "2018-10"]}