{"id": "eanalyzer.de", "name": "eanalyzer.de", "category": "unknown", "website_url": null, "ghostery_id": "eanalyzer.de", "company_id": null, "iab_vendor": null, "truste_type": null, "description": null, "privacy_url": null, "domains": ["eanalyzer.de"], "overview": {"bad_qs": 0.0, "beacon": 0.0, "content_length": 998.6133851821534, "cookies": 0.8473444535407286, "font": 0.0, "has_blocking": 0.0013559148587801882, "hosts": 1.0, "https": 0.9621878837494884, "iframe": 2.5583299222267707e-05, "image": 0.6889326647564471, "media": 0.0, "plugin": 0.0, "reach": 9.783947692184179e-05, "reach_rank": 974, "referer_leaked": 0.6860417519443307, "referer_leaked_header": 0.6860417519443307, "referer_leaked_url": 0.00043491608677855096, "requests": 2.4667928776094965, "requests_failed": 0.5106682357756857, "requests_tracking": 1.803955178059763, "script": 0.7452926729431028, "site_reach": 2.7778333344444666e-05, "site_reach_rank": 1042, "stylesheet": 0.0, "tracked": 0.8473444535407286, "xhr": 0.005423659435120753}, "date_range": ["2017-05", "2018-10"]}