{"id": "easylist_club", "name": "easylist.club", "category": "unknown", "website_url": null, "ghostery_id": null, "company_id": null, "iab_vendor": null, "truste_type": null, "description": null, "privacy_url": null, "domains": ["easylist.club"], "overview": {"bad_qs": 0.0, "beacon": 0.0, "content_length": 3.006746312226685, "cookies": 0.06576217812792709, "font": 0.0, "has_blocking": 0.799960924256268, "hosts": 1.0, "https": 0.9996322282942864, "iframe": 0.0, "image": 0.0, "media": 0.0, "plugin": 0.0, "reach": 0.00043558441499733504, "reach_rank": 737, "referer_leaked": 0.04297757167238437, "referer_leaked_header": 0.04297757167238437, "referer_leaked_url": 0.0, "requests": 3.4897110118893697, "requests_failed": 3.3383097442262715, "requests_tracking": 0.1534929692393447, "script": 0.999896564207768, "site_reach": 0.0011855792671408984, "site_reach_rank": 404, "stylesheet": 0.0, "tracked": 0.06576217812792709, "xhr": 1.7239298705328666e-05}, "date_range": ["2017-05", "2018-10"]}