{"id": "elastic_ad", "name": "Elastic Ad", "category": "advertising", "website_url": null, "ghostery_id": "2250", "company_id": "elastic_ad", "iab_vendor": null, "truste_type": null, "description": null, "privacy_url": null, "domains": ["elasticad.net"], "overview": {"bad_qs": 0.0, "beacon": 0.0, "content_length": 2293.7540730266146, "cookies": 2.2445555499441665e-05, "font": 0.0, "has_blocking": 0.9264066349062056, "hosts": 1.0, "https": 0.7637751179794511, "iframe": 0.0009920935530753218, "image": 0.005920015262977739, "media": 0.0, "plugin": 7.855944424804583e-06, "reach": 0.0022303360804805192, "reach_rank": 259, "referer_leaked": 0.0290815839828516, "referer_leaked_header": 0.0290815839828516, "referer_leaked_url": 1.0100499974748751e-05, "requests": 1.4989725546970132, "requests_failed": 1.394528895847011, "requests_tracking": 0.0019516410506764527, "script": 0.9987621276142058, "site_reach": 0.0006944583336111168, "site_reach_rank": 522, "stylesheet": 5.499161097363208e-05, "tracked": 2.2445555499441665e-05, "xhr": 0.0009314905532268292}, "date_range": ["2017-05", "2018-10"]}