{"id": "eluxer_net", "name": "eluxer.net", "category": "extensions", "website_url": null, "ghostery_id": null, "company_id": null, "iab_vendor": null, "truste_type": null, "description": null, "privacy_url": null, "domains": ["eluxer.net"], "overview": {"bad_qs": 0.4601851165842868, "beacon": 0.0, "content_length": 164.8588896180184, "cookies": 0.7310808522348409, "font": 0.0, "has_blocking": 0.00025137329198463183, "hosts": 1.0, "https": 0.8247531249669245, "iframe": 0.0, "image": 3.969051978704713e-05, "media": 0.0, "plugin": 0.0, "reach": 0.0009459651677294858, "reach_rank": 519, "referer_leaked": 0.40179771594288793, "referer_leaked_header": 0.40179771594288793, "referer_leaked_url": 0.0, "requests": 2.866946793535208, "requests_failed": 1.2075576041743843, "requests_tracking": 2.6452540722473303, "script": 0.9976132767434722, "site_reach": 0.005167881135400486, "site_reach_rank": 143, "stylesheet": 0.0, "tracked": 0.8531635990304929, "xhr": 0.00152146992517014}, "date_range": ["2017-05", "2018-10"]}