{"id": "eshopcomp.com", "name": "eshopcomp.com", "category": "extensions", "website_url": null, "ghostery_id": null, "company_id": null, "iab_vendor": null, "truste_type": null, "description": null, "privacy_url": null, "domains": ["eshopcomp.com"], "overview": {"bad_qs": 0.0, "beacon": 0.0, "content_length": 3502.172913719944, "cookies": 0.21004243281471005, "font": 0.0, "has_blocking": 0.001768033946251768, "hosts": 1.0, "https": 0.7238330975954739, "iframe": 0.0, "image": 0.0, "media": 0.0, "plugin": 0.0, "reach": 7.078644103944142e-06, "reach_rank": 1063, "referer_leaked": 0.7475247524752475, "referer_leaked_header": 0.7475247524752475, "referer_leaked_url": 0.0, "requests": 1.8277934936350777, "requests_failed": 0.39427157001414426, "requests_tracking": 0.34724186704384724, "script": 0.984087694483734, "site_reach": 5.222326668755598e-05, "site_reach_rank": 1006, "stylesheet": 0.0, "tracked": 0.21004243281471005, "xhr": 0.0}, "date_range": ["2017-10", "2018-10"]}