{"id": "esprit.de", "name": "esprit.de", "category": "misc", "website_url": null, "ghostery_id": "esprit.de", "company_id": null, "iab_vendor": null, "truste_type": null, "description": null, "privacy_url": null, "domains": ["esprit.de"], "overview": {"bad_qs": 0.0016038492381716116, "beacon": 0.0, "content_length": 25519.184442662394, "cookies": 0.27987169206094625, "font": 0.190056134723336, "has_blocking": 0.10104250200481156, "hosts": 1.0, "https": 0.6503608660785886, "iframe": 0.0, "image": 0.9542902967121092, "media": 0.0, "plugin": 0.0, "reach": 3.1213115974605184e-06, "reach_rank": 1070, "referer_leaked": 0.5244587008821171, "referer_leaked_header": 0.5244587008821171, "referer_leaked_url": 0.0, "requests": 22.996792301523648, "requests_failed": 8.344827586206897, "requests_tracking": 5.140336808340017, "script": 0.026463512429831595, "site_reach": 1.2222466671555651e-05, "site_reach_rank": 1061, "stylesheet": 0.0064153969526864465, "tracked": 0.27987169206094625, "xhr": 0.0008019246190858058}, "date_range": ["2017-09", "2018-10"]}