{"id": "etahub.com", "name": "etahub.com", "category": "unknown", "website_url": null, "ghostery_id": "etahub.com", "company_id": null, "iab_vendor": null, "truste_type": null, "description": null, "privacy_url": null, "domains": ["etahub.com"], "overview": {"bad_qs": 0.0, "beacon": 0.14717134535815518, "content_length": 9.948312571117784, "cookies": 0.2807493331402828, "font": 0.0, "has_blocking": 0.5462495289752172, "hosts": 1.0, "https": 1.00282893308014, "iframe": 0.0, "image": 0.025978292950499242, "media": 0.0, "plugin": 0.02385659314039416, "reach": 0.0013484441559521517, "reach_rank": 410, "referer_leaked": 0.29357791353191554, "referer_leaked_header": 0.2745271653682161, "referer_leaked_url": 0.2263072213900011, "requests": 1.8133275418167916, "requests_failed": 1.1008967569363621, "requests_tracking": 0.7046864877607807, "script": 0.0, "site_reach": 0.00014778073339244562, "site_reach_rank": 877, "stylesheet": 0.0, "tracked": 0.2807493331402828, "xhr": 0.7408574785741732}, "date_range": ["2017-05", "2018-10"]}