{"id": "evidon", "name": "Evidon", "category": "essential", "website_url": null, "ghostery_id": "c_242", "company_id": null, "iab_vendor": null, "truste_type": null, "description": null, "privacy_url": null, "domains": ["betrad.com", "evidon.com"], "overview": {"bad_qs": 0.0001600237232909557, "beacon": 0.0, "content_length": 12810.37611677573, "cookies": 0.012651367072723095, "font": 8.136799489370628e-06, "has_blocking": 0.7534825501814506, "hosts": 1.5317742020059923, "https": 1.2688651696161055, "iframe": 0.013213258281905749, "image": 0.7381885314523464, "media": 0.009777268675310962, "plugin": 4.5204441607614603e-07, "reach": 0.005537191755555276, "reach_rank": 118, "referer_leaked": 0.4617850691537548, "referer_leaked_header": 0.4614645696627568, "referer_leaked_url": 0.004037208679976059, "requests": 6.969437277029091, "requests_failed": 3.4697288456774618, "requests_tracking": 0.07671374558578628, "script": 0.786907618394953, "site_reach": 0.0027233878010893553, "site_reach_rank": 220, "stylesheet": 0.024931153635431604, "tracked": 0.012804158085356834, "xhr": 0.008068992826959206}, "date_range": ["2017-05", "2018-10"]}