{"id": "falk_technologies", "name": "Falk Technologies", "category": "misc", "website_url": null, "ghostery_id": "c_3194", "company_id": null, "iab_vendor": null, "truste_type": null, "description": null, "privacy_url": null, "domains": ["angsrvr.com"], "overview": {"bad_qs": 0.0, "beacon": 0.0, "content_length": 1496.17600896861, "cookies": 0.6671063044051702, "font": 0.0, "has_blocking": 0.011672381957267212, "hosts": 1.0, "https": 0.8964653125824321, "iframe": 6.594566077552099e-05, "image": 0.8519519915589554, "media": 0.0, "plugin": 0.0002637826431020839, "reach": 3.7956350492294544e-05, "reach_rank": 1020, "referer_leaked": 0.2924690055394355, "referer_leaked_header": 0.28950145080453704, "referer_leaked_url": 0.03290688472698496, "requests": 3.0128594038512264, "requests_failed": 0.8692957003429175, "requests_tracking": 1.252901609074123, "script": 0.0713532049591137, "site_reach": 0.00021778213342044616, "site_reach_rank": 789, "stylesheet": 0.0, "tracked": 0.6671063044051702, "xhr": 0.09324716433658664}, "date_range": ["2017-05", "2018-10"]}