{"id": "flixmedia", "name": "Flixmedia", "category": "misc", "website_url": null, "ghostery_id": "c_3256", "company_id": null, "iab_vendor": null, "truste_type": null, "description": null, "privacy_url": null, "domains": ["flix360.com"], "overview": {"bad_qs": 0.030902300172794425, "beacon": 0.0, "content_length": 7464.370303834274, "cookies": 0.7437551703713856, "font": 0.010441090807630369, "has_blocking": 0.0002692264390153165, "hosts": 1.0, "https": 1.6115454087102097, "iframe": 0.00020559109888442355, "image": 0.826965720131774, "media": 0.0005629280088502073, "plugin": 0.0, "reach": 0.0005113469325850937, "reach_rank": 701, "referer_leaked": 0.7934396859351214, "referer_leaked_header": 0.7378762439485239, "referer_leaked_url": 0.6459329675117114, "requests": 3.266891511535129, "requests_failed": 1.1193652130070637, "requests_tracking": 0.8579659208278468, "script": 0.9751185820088208, "site_reach": 0.0005244549335431154, "site_reach_rank": 577, "stylesheet": 0.008752306781079746, "tracked": 0.7458208714125577, "xhr": 0.0008664196310129278}, "date_range": ["2018-04", "2018-10"]}