{"id": "generaltracking_de", "name": "generaltracking.de", "category": "unknown", "website_url": null, "ghostery_id": null, "company_id": null, "iab_vendor": null, "truste_type": null, "description": null, "privacy_url": null, "domains": ["generaltracking.de"], "overview": {"bad_qs": 0.0, "beacon": 0.0, "content_length": 64.42371746759437, "cookies": 0.5050408746982575, "font": 0.0, "has_blocking": 0.0005578432764671279, "hosts": 1.0, "https": 0.999097308152626, "iframe": 0.00020285210053350101, "image": 0.9997058644542264, "media": 0.0, "plugin": 0.0, "reach": 0.0002467863637851021, "reach_rank": 851, "referer_leaked": 0.4671278171085462, "referer_leaked_header": 0.4665496886220257, "referer_leaked_url": 0.02896727995618395, "requests": 2.899202791244903, "requests_failed": 1.7475809887011382, "requests_tracking": 1.1341460940828043, "script": 0.0, "site_reach": 3.8889666682222536e-05, "site_reach_rank": 1022, "stylesheet": 0.0, "tracked": 0.5050408746982575, "xhr": 0.0}, "date_range": ["2017-05", "2018-10"]}