{"id": "globalsign", "name": "GlobalSign", "category": "misc", "website_url": null, "ghostery_id": "c_2400", "company_id": null, "iab_vendor": null, "truste_type": null, "description": null, "privacy_url": null, "domains": ["globalsign.com"], "overview": {"bad_qs": 0.0370232842601896, "beacon": 0.0, "content_length": 8201.699576252675, "cookies": 0.6740531213140536, "font": 0.0, "has_blocking": 0.00027303306976541003, "hosts": 1.0, "https": 1.5854156655454108, "iframe": 0.0, "image": 0.9137543139225024, "media": 0.0, "plugin": 0.0, "reach": 0.0002291898757897954, "reach_rank": 861, "referer_leaked": 0.9583460748765892, "referer_leaked_header": 0.8858066489013149, "referer_leaked_url": 0.8989886855095889, "requests": 4.2934559433838615, "requests_failed": 0.915589096151326, "requests_tracking": 2.3465335721462584, "script": 0.9781682757415578, "site_reach": 0.0008533504003413403, "site_reach_rank": 473, "stylesheet": 0.00034948232929972483, "tracked": 0.6784325717530907, "xhr": 0.003320082128347385}, "date_range": ["2017-07", "2018-10"]}