{"id": "glotgrx.com", "name": "glotgrx.com", "category": "unknown", "website_url": null, "ghostery_id": "glotgrx.com", "company_id": null, "iab_vendor": null, "truste_type": null, "description": null, "privacy_url": null, "domains": ["glotgrx.com"], "overview": {"bad_qs": 0.0, "beacon": 0.0, "content_length": 81.70191608052389, "cookies": 0.8785673862074541, "font": 0.0, "has_blocking": 0.001697792869269949, "hosts": 1.0, "https": 0.7266553480475382, "iframe": 0.0, "image": 0.9980596652922628, "media": 0.0, "plugin": 0.0, "reach": 3.0960307256607176e-05, "reach_rank": 1027, "referer_leaked": 0.8512410057401568, "referer_leaked_header": 0.7378122726170264, "referer_leaked_url": 0.8079877112135176, "requests": 3.7228555259115534, "requests_failed": 1.0328239954725524, "requests_tracking": 2.6628668445306816, "script": 0.0, "site_reach": 0.00016111433339777907, "site_reach_rank": 862, "stylesheet": 0.0, "tracked": 0.8785673862074541, "xhr": 8.084727948904521e-05}, "date_range": ["2017-05", "2018-10"]}