{"id": "heroku", "name": "Heroku", "category": "hosting", "website_url": null, "ghostery_id": "c_3374", "company_id": null, "iab_vendor": null, "truste_type": null, "description": null, "privacy_url": null, "domains": ["herokuapp.com"], "overview": {"bad_qs": 0.0, "beacon": 1.6770925922820198e-05, "content_length": 39988.29777682026, "cookies": 0.0626935913131764, "font": 0.010479248559312959, "has_blocking": 0.01176673964169562, "hosts": 1.0679093492751734, "https": 1.0311268385127543, "iframe": 0.054451326257722685, "image": 0.05587556488993757, "media": 0.00014706811963088482, "plugin": 0.0001419078347315555, "reach": 0.0019402468372759565, "reach_rank": 291, "referer_leaked": 0.7683741619374805, "referer_leaked_header": 0.7363984565587867, "referer_leaked_url": 0.10283931775873346, "requests": 6.38988661564005, "requests_failed": 0.95099019416862, "requests_tracking": 0.9748977941072128, "script": 0.3365899031285517, "site_reach": 0.006725690069356942, "site_reach_rank": 114, "stylesheet": 0.055166025716279786, "tracked": 0.0626935913131764, "xhr": 0.6520213480986286}, "date_range": ["2018-03", "2018-10"]}