{"id": "highwebmedia.com", "name": "highwebmedia.com", "category": "pornvertising", "website_url": null, "ghostery_id": "highwebmedia.com", "company_id": null, "iab_vendor": null, "truste_type": null, "description": null, "privacy_url": null, "domains": ["highwebmedia.com"], "overview": {"bad_qs": 0.002448516583825611, "beacon": 0.0, "content_length": 30200378.127807755, "cookies": 0.983523787579159, "font": 0.34627519098176146, "has_blocking": 0.0026333580632664274, "hosts": 1.0, "https": 1.7162898516963636, "iframe": 0.0006937885666682702, "image": 0.9666310488108109, "media": 0.005222404812968276, "plugin": 0.21422241240919346, "reach": 0.0019770793153486357, "reach_rank": 284, "referer_leaked": 0.09433752054145893, "referer_leaked_header": 0.09433752054145893, "referer_leaked_url": 0.0, "requests": 326.79181911868596, "requests_failed": 44.38119757022078, "requests_tracking": 188.83171955749455, "script": 0.8489769150716704, "site_reach": 0.0004666760001866704, "site_reach_rank": 602, "stylesheet": 0.9365196121873836, "tracked": 0.9836225385065316, "xhr": 0.5404954764479039}, "date_range": ["2017-05", "2018-10"]}