{"id": "hoholikik.club", "name": "hoholikik.club", "category": "extensions", "website_url": null, "ghostery_id": null, "company_id": null, "iab_vendor": null, "truste_type": null, "description": null, "privacy_url": null, "domains": ["hoholikik.club"], "overview": {"bad_qs": 0.0, "beacon": 0.0, "content_length": 42.518144305588315, "cookies": 0.07283895307710446, "font": 0.0, "has_blocking": 0.0008229191228483849, "hosts": 1.0, "https": 0.8082928554586183, "iframe": 0.0, "image": 0.006680028295213393, "media": 0.0, "plugin": 0.0, "reach": 0.0010615463099302369, "reach_rank": 480, "referer_leaked": 0.8199363357698656, "referer_leaked_header": 0.8199363357698656, "referer_leaked_url": 0.0015538788021692994, "requests": 7.988408394246639, "requests_failed": 1.3525795802876681, "requests_tracking": 0.15123319971704788, "script": 0.0, "site_reach": 0.0062023462691476045, "site_reach_rank": 125, "stylesheet": 0.0, "tracked": 0.07283895307710446, "xhr": 0.999290261730724}, "date_range": ["2018-10", "2018-10"]}