{"id": "hola_player", "name": "Hola Player", "category": "audio_video_player", "website_url": null, "ghostery_id": "2937", "company_id": "hola_cdn", "iab_vendor": null, "truste_type": null, "description": null, "privacy_url": null, "domains": ["h-cdn.com"], "overview": {"bad_qs": 0.02848312915918895, "beacon": 0.22838754444828396, "content_length": 72816282.14230418, "cookies": 0.0012094391992063405, "font": 0.0, "has_blocking": 0.04786202360914492, "hosts": 1.0, "https": 1.1182491556219416, "iframe": 0.0, "image": 0.06521914815351518, "media": 0.033510383342065075, "plugin": 0.00018113720725440583, "reach": 0.0017964136950747746, "reach_rank": 323, "referer_leaked": 0.8566633411733232, "referer_leaked_header": 0.84785031935883, "referer_leaked_url": 0.30582509391267515, "requests": 13.627399371314555, "requests_failed": 3.954318589693572, "requests_tracking": 0.16033847577220184, "script": 0.9036698398189744, "site_reach": 0.0005877895335684491, "site_reach_rank": 559, "stylesheet": 0.3530893647378805, "tracked": 0.029532331598131782, "xhr": 0.5028619678746196}, "date_range": ["2017-06", "2018-10"]}