{"id": "homeaway", "name": "HomeAway", "category": "misc", "website_url": null, "ghostery_id": "c_2665", "company_id": null, "iab_vendor": null, "truste_type": null, "description": null, "privacy_url": null, "domains": ["homeaway.com"], "overview": {"bad_qs": 0.0, "beacon": 0.003128954331070977, "content_length": 1843769.8130219718, "cookies": 0.4804785459565167, "font": 0.4686069251121592, "has_blocking": 0.012975957667088462, "hosts": 1.0, "https": 1.653629356953871, "iframe": 0.034832623950304835, "image": 0.9484412745887496, "media": 0.0, "plugin": 0.01125043138157138, "reach": 0.00010879535572062664, "reach_rank": 967, "referer_leaked": 0.9104566892902336, "referer_leaked_header": 0.9095824226389048, "referer_leaked_url": 0.03945703439549062, "requests": 50.863200276084214, "requests_failed": 12.36344184976418, "requests_tracking": 16.32515817324284, "script": 0.9061773841021512, "site_reach": 6.222346669155605e-05, "site_reach_rank": 989, "stylesheet": 0.88181295295065, "tracked": 0.4804785459565167, "xhr": 0.11107787875301968}, "date_range": ["2017-07", "2018-10"]}