{"id": "i10c.net", "name": "i10c.net", "category": "unknown", "website_url": null, "ghostery_id": null, "company_id": null, "iab_vendor": null, "truste_type": null, "description": null, "privacy_url": null, "domains": ["i10c.net"], "overview": {"bad_qs": 0.0, "beacon": 0.0, "content_length": 223.91872007958054, "cookies": 6.908033351985022e-06, "font": 0.0, "has_blocking": 0.0002440838451034708, "hosts": 1.0, "https": 0.9625860913656492, "iframe": 0.0, "image": 0.0, "media": 0.0, "plugin": 0.0, "reach": 0.0010870199170893034, "reach_rank": 467, "referer_leaked": 0.5959721560202359, "referer_leaked_header": 0.5959721560202359, "referer_leaked_url": 0.0, "requests": 14.6819265123412, "requests_failed": 7.8064760509997075, "requests_tracking": 9.440978914379532e-05, "script": 0.0, "site_reach": 0.00012111353338177873, "site_reach_rank": 901, "stylesheet": 0.0, "tracked": 6.908033351985022e-06, "xhr": 0.9992470243646336}, "date_range": ["2018-04", "2018-10"]}