{"id": "ie8eamus.com", "name": "ie8eamus.com", "category": "unknown", "website_url": null, "ghostery_id": null, "company_id": null, "iab_vendor": null, "truste_type": null, "description": null, "privacy_url": null, "domains": ["ie8eamus.com"], "overview": {"bad_qs": 0.026764183379153355, "beacon": 0.0, "content_length": 1251.5205261309213, "cookies": 6.754794215194234e-06, "font": 1.013219132279135e-05, "has_blocking": 0.8711016393885559, "hosts": 1.0, "https": 0.6881311510844822, "iframe": 0.0, "image": 0.07827455536567078, "media": 0.0, "plugin": 0.0, "reach": 0.0014822400411318285, "reach_rank": 380, "referer_leaked": 0.08475578041514965, "referer_leaked_header": 0.08475578041514965, "referer_leaked_url": 0.0, "requests": 1.2026066750876434, "requests_failed": 1.01708456326878, "requests_tracking": 0.0398313327884466, "script": 0.999665637686348, "site_reach": 0.001625588067316902, "site_reach_rank": 319, "stylesheet": 0.0, "tracked": 0.02676924947481475, "xhr": 0.00034280580642110736}, "date_range": ["2018-07", "2018-10"]}