{"id": "immobilienscout24_de", "name": "immobilienscout24.de", "category": "misc", "website_url": null, "ghostery_id": null, "company_id": "scout24", "iab_vendor": null, "truste_type": null, "description": null, "privacy_url": null, "domains": ["immobilienscout24.de", "static-immobilienscout24.de"], "overview": {"bad_qs": 0.0, "beacon": 4.536711065945633e-06, "content_length": 157355.16200141545, "cookies": 0.036429789859543434, "font": 0.33697782455630965, "has_blocking": 0.01634123325953617, "hosts": 1.012430588320691, "https": 1.0419555039378652, "iframe": 0.007317714949370305, "image": 0.6988758029978587, "media": 0.0, "plugin": 9.073422131891265e-06, "reach": 0.0005517337510494284, "reach_rank": 685, "referer_leaked": 0.8934326570609371, "referer_leaked_header": 0.8934009000834755, "referer_leaked_url": 6.351395492323884e-05, "requests": 14.08817551627772, "requests_failed": 4.079197365078213, "requests_tracking": 0.2393931695278191, "script": 0.9280931296047618, "site_reach": 0.00011778013338044542, "site_reach_rank": 907, "stylesheet": 0.22644085943454434, "tracked": 0.036429789859543434, "xhr": 0.01675861067760316}, "date_range": ["2017-05", "2018-10"]}