{"id": "lenmit.com", "name": "lenmit.com", "category": "unknown", "website_url": null, "ghostery_id": "", "company_id": null, "iab_vendor": null, "truste_type": null, "description": null, "privacy_url": null, "domains": ["lenmit.com"], "overview": {"bad_qs": 7.204034259185143e-05, "beacon": 0.0, "content_length": 614.6949891939486, "cookies": 0.4935964139918354, "font": 0.0, "has_blocking": 3.201793004082286e-05, "hosts": 1.0, "https": 1.3679660609941566, "iframe": 0.0, "image": 0.0, "media": 0.0, "plugin": 0.0, "reach": 0.00031270686276723536, "reach_rank": 806, "referer_leaked": 0.5593212198831345, "referer_leaked_header": 0.5470103257824381, "referer_leaked_url": 0.5273433122548628, "requests": 1.7720883694869127, "requests_failed": 0.7106699751861042, "requests_tracking": 0.9462338909789482, "script": 0.9994957176018572, "site_reach": 0.00040667480016266994, "site_reach_rank": 638, "stylesheet": 0.0, "tracked": 0.4936044184743456, "xhr": 0.0008724885936124228}, "date_range": ["2018-04", "2018-10"]}