{"id": "liveadexchanger.com", "name": "liveadexchanger.com", "category": "unknown", "website_url": null, "ghostery_id": "liveadexchanger.com", "company_id": null, "iab_vendor": null, "truste_type": null, "description": null, "privacy_url": null, "domains": ["liveadexchanger.com"], "overview": {"bad_qs": 0.0, "beacon": 0.0, "content_length": 11.316783445089028, "cookies": 0.05223636957231472, "font": 0.0, "has_blocking": 0.9171249905823852, "hosts": 1.0, "https": 0.36324367764132703, "iframe": 0.21346593334840155, "image": 0.002862954870790326, "media": 0.0, "plugin": 0.0, "reach": 9.966921130656003e-05, "reach_rank": 973, "referer_leaked": 0.04957432381526407, "referer_leaked_header": 0.049398528340741855, "referer_leaked_url": 0.008890228282980486, "requests": 1.8083075918531355, "requests_failed": 1.6892940556015972, "requests_tracking": 0.11414149024335116, "script": 0.8268163439564027, "site_reach": 0.00012111353338177873, "site_reach_rank": 901, "stylesheet": 0.0, "tracked": 0.05223636957231472, "xhr": 0.00027625003139204903}, "date_range": ["2017-07", "2018-10"]}