{"id": "loadsource.org", "name": "loadsource.org", "category": "unknown", "website_url": null, "ghostery_id": null, "company_id": null, "iab_vendor": null, "truste_type": null, "description": null, "privacy_url": null, "domains": ["loadsource.org"], "overview": {"bad_qs": 0.6660330852530191, "beacon": 0.0, "content_length": 18.084685819384465, "cookies": 0.848951827654734, "font": 0.0, "has_blocking": 0.00025961893362305, "hosts": 1.0, "https": 0.8126760768972514, "iframe": 0.0, "image": 0.002346996865805163, "media": 0.0, "plugin": 0.0, "reach": 0.002400676592222284, "reach_rank": 242, "referer_leaked": 0.6445472725414921, "referer_leaked_header": 0.6445472725414921, "referer_leaked_url": 0.0, "requests": 3.4175819363610387, "requests_failed": 2.091769558480989, "requests_tracking": 3.5868670354854246, "script": 0.9991836079316192, "site_reach": 0.0124002480049601, "site_reach_rank": 66, "stylesheet": 0.0, "tracked": 0.9665195840258244, "xhr": 0.0005734554758742069}, "date_range": ["2018-08", "2018-10"]}