{"id": "loadercdn.com", "name": "loadercdn.com", "category": "unknown", "website_url": null, "ghostery_id": null, "company_id": null, "iab_vendor": null, "truste_type": null, "description": null, "privacy_url": null, "domains": ["loadercdn.com"], "overview": {"bad_qs": 0.0, "beacon": 0.004642857142857143, "content_length": 10.113776190476193, "cookies": 0.07199047619047619, "font": 0.0, "has_blocking": 0.9097857142857144, "hosts": 1.0, "https": 0.9999095238095238, "iframe": 0.000619047619047619, "image": 0.07185238095238096, "media": 0.0, "plugin": 9.523809523809523e-06, "reach": 0.0005256418889067431, "reach_rank": 696, "referer_leaked": 0.057333333333333326, "referer_leaked_header": 0.057333333333333326, "referer_leaked_url": 0.0, "requests": 1.7910809523809523, "requests_failed": 1.4772714285714286, "requests_tracking": 0.08844761904761905, "script": 0.39614761904761897, "site_reach": 0.0004933432001973373, "site_reach_rank": 596, "stylesheet": 0.0, "tracked": 0.07199047619047619, "xhr": 0.7735761904761905}, "date_range": ["2018-04", "2018-10"]}