{"id": "logsss.com", "name": "logsss.com", "category": "unknown", "website_url": null, "ghostery_id": "logsss.com", "company_id": null, "iab_vendor": null, "truste_type": null, "description": null, "privacy_url": null, "domains": ["logsss.com"], "overview": {"bad_qs": 0.02282140636183369, "beacon": 0.00034613444096354444, "content_length": 26027.023144074057, "cookies": 0.6517946190761144, "font": 0.0, "has_blocking": 1.7600056320180223e-05, "hosts": 1.0, "https": 1.6477348727515928, "iframe": 0.0, "image": 0.6916587466413225, "media": 0.0, "plugin": 0.0, "reach": 0.00042665601205576185, "reach_rank": 740, "referer_leaked": 0.6753317610616354, "referer_leaked_header": 0.6265678716838561, "referer_leaked_url": 0.6438628603611531, "requests": 9.66813333802668, "requests_failed": 2.4826580778391825, "requests_tracking": 4.856107806211647, "script": 0.9912997054923908, "site_reach": 0.00019111493340977933, "site_reach_rank": 826, "stylesheet": 0.03460757741091438, "tracked": 0.6533082239196498, "xhr": 0.7115937437666467}, "date_range": ["2018-04", "2018-10"]}