{"id": "lottex_inc", "name": "vidcpm.com", "category": "unknown", "website_url": null, "ghostery_id": null, "company_id": null, "iab_vendor": null, "truste_type": null, "description": null, "privacy_url": null, "domains": ["vidcpm.com"], "overview": {"bad_qs": 6.159266308197368e-05, "beacon": 0.0, "content_length": 34.81239490751861, "cookies": 0.057031726380753524, "font": 0.0, "has_blocking": 0.8505823586294401, "hosts": 1.0, "https": 0.9298059215186288, "iframe": 0.0, "image": 0.013017609342375136, "media": 0.0, "plugin": 8.007046200656577e-05, "reach": 0.0008127775253069724, "reach_rank": 566, "referer_leaked": 0.0608289140597572, "referer_leaked_header": 0.03801191202104005, "referer_leaked_url": 0.04413114309823414, "requests": 1.369679163818006, "requests_failed": 1.2163442290754325, "requests_tracking": 0.1174448899647074, "script": 0.3434191319130065, "site_reach": 0.001261136333837788, "site_reach_rank": 384, "stylesheet": 0.0, "tracked": 0.0570810005112191, "xhr": 0.6851444655912587}, "date_range": ["2018-05", "2018-10"]}