{"id": "marshadow.io", "name": "marshadow.io", "category": "advertising", "website_url": null, "ghostery_id": "marshadow.io", "company_id": null, "iab_vendor": null, "truste_type": null, "description": null, "privacy_url": null, "domains": ["marshadow.io"], "overview": {"bad_qs": 0.0, "beacon": 0.0, "content_length": 6.5666745061147695, "cookies": 0.2351834430856068, "font": 0.0, "has_blocking": 0.0, "hosts": 1.0, "https": 0.9998236124176858, "iframe": 0.9998236124176858, "image": 0.0, "media": 0.0, "plugin": 0.0, "reach": 4.2571986888218515e-05, "reach_rank": 1015, "referer_leaked": 0.8243179680150517, "referer_leaked_header": 0.7357126058325494, "referer_leaked_url": 0.8242591721542804, "requests": 2.279750705550329, "requests_failed": 0.7076081843838193, "requests_tracking": 0.4971777986829728, "script": 5.8795860771401695e-05, "site_reach": 0.00020555966674889052, "site_reach_rank": 807, "stylesheet": 0.0, "tracked": 0.2351834430856068, "xhr": 5.8795860771401695e-05}, "date_range": ["2017-08", "2018-10"]}