{"id": "maxonclick_com", "name": "maxonclick.com", "category": "unknown", "website_url": null, "ghostery_id": null, "company_id": null, "iab_vendor": null, "truste_type": null, "description": null, "privacy_url": null, "domains": ["maxonclick.com"], "overview": {"bad_qs": 0.0, "beacon": 9.645433851614644e-05, "content_length": 43.90105713955014, "cookies": 0.03439561711485783, "font": 0.0, "has_blocking": 0.8703653690342992, "hosts": 1.0, "https": 0.9886569697905012, "iframe": 0.04151394729734943, "image": 0.0, "media": 0.0, "plugin": 0.0, "reach": 0.00012975344874832263, "reach_rank": 950, "referer_leaked": 0.040530113044484735, "referer_leaked_header": 0.03850457193564567, "referer_leaked_url": 0.006038041591110768, "requests": 1.7910606119063237, "requests_failed": 1.6811991203364327, "requests_tracking": 0.040607276515297656, "script": 0.9979551680234576, "site_reach": 1.4444733339111227e-05, "site_reach_rank": 1058, "stylesheet": 0.0, "tracked": 0.03439561711485783, "xhr": 0.00011574520621937576}, "date_range": ["2017-09", "2018-10"]}