{"id": "mobtrks.com", "name": "mobtrks.com", "category": "unknown", "website_url": null, "ghostery_id": "", "company_id": null, "iab_vendor": null, "truste_type": null, "description": null, "privacy_url": null, "domains": ["mobtrks.com"], "overview": {"bad_qs": 0.0008304391907803897, "beacon": 0.0, "content_length": 11.441010309840578, "cookies": 0.003936529656594803, "font": 0.0, "has_blocking": 0.9339590134878198, "hosts": 1.0, "https": 0.9022734202443722, "iframe": 0.0, "image": 0.0, "media": 0.0, "plugin": 0.0, "reach": 0.0010097355410803289, "reach_rank": 498, "referer_leaked": 0.014571109144498898, "referer_leaked_header": 0.014571109144498898, "referer_leaked_url": 0.0, "requests": 1.7622018785278173, "requests_failed": 1.733374483454429, "requests_tracking": 0.005743664492651233, "script": 0.9998264753929712, "site_reach": 0.0012478027338324546, "site_reach_rank": 389, "stylesheet": 0.0, "tracked": 0.0047620110014600855, "xhr": 4.214169027840784e-05}, "date_range": ["2017-09", "2018-10"]}