{"id": "modulepush.com", "name": "modulepush.com", "category": "advertising", "website_url": null, "ghostery_id": null, "company_id": null, "iab_vendor": null, "truste_type": null, "description": null, "privacy_url": null, "domains": ["modulepush.com"], "overview": {"bad_qs": 0.0, "beacon": 0.0, "content_length": 18.032426551720587, "cookies": 4.1248594969733835e-05, "font": 0.0, "has_blocking": 0.9090365359429944, "hosts": 1.0, "https": 0.9112433357738752, "iframe": 0.0, "image": 0.0, "media": 0.0, "plugin": 0.0, "reach": 0.00048545781802812957, "reach_rank": 716, "referer_leaked": 0.039990512823156965, "referer_leaked_header": 0.039990512823156965, "referer_leaked_url": 3.093644622730038e-05, "requests": 1.2031647984490528, "requests_failed": 1.152903385478432, "requests_tracking": 6.702896682581751e-05, "script": 0.9998246934713786, "site_reach": 0.0006533464002613387, "site_reach_rank": 531, "stylesheet": 0.0, "tracked": 4.1248594969733835e-05, "xhr": 0.0001392140080228517}, "date_range": ["2018-06", "2018-10"]}