{"id": "mov.ad_", "name": "Mov.ad ", "category": "misc", "website_url": null, "ghostery_id": "c_3421", "company_id": null, "iab_vendor": null, "truste_type": null, "description": null, "privacy_url": null, "domains": ["movad.de", "movad.net"], "overview": {"bad_qs": 0.013054332098392456, "beacon": 0.0, "content_length": 805120.2584630551, "cookies": 0.2553306514445628, "font": 0.0, "has_blocking": 0.1895024725318408, "hosts": 1.0445055731344708, "https": 1.3585409677060312, "iframe": 0.37423478717145536, "image": 0.7166367206754544, "media": 0.2378082714537851, "plugin": 0.008315975258781066, "reach": 0.00015741973350111418, "reach_rank": 925, "referer_leaked": 0.5195496970949739, "referer_leaked_header": 0.4384093113482056, "referer_leaked_url": 0.4225882876723219, "requests": 17.47308835922469, "requests_failed": 3.1604045093892608, "requests_tracking": 4.748485474869218, "script": 0.8170803453594314, "site_reach": 0.00024111593342977968, "site_reach_rank": 765, "stylesheet": 0.08910654942678603, "tracked": 0.26361482565072897, "xhr": 0.1849867230605333}, "date_range": ["2017-05", "2018-10"]}