{"id": "netflix", "name": "Netflix", "category": "misc", "website_url": null, "ghostery_id": "c_2098", "company_id": null, "iab_vendor": null, "truste_type": null, "description": null, "privacy_url": null, "domains": ["netflix.com", "nflxext.com", "nflximg.net", "nflxso.net"], "overview": {"bad_qs": 0.0, "beacon": 0.0, "content_length": 5466081.579988956, "cookies": 0.022442914582067312, "font": 0.6283447240559297, "has_blocking": 0.5162577938348581, "hosts": 2.2277700544701298, "https": 1.7052133714041529, "iframe": 0.5561641706971233, "image": 0.8273049911066344, "media": 0.03340214939189358, "plugin": 0.002175475399646485, "reach": 0.0018041080911057239, "reach_rank": 321, "referer_leaked": 0.8957589329071177, "referer_leaked_header": 0.8940676672743568, "referer_leaked_url": 0.009116740338697102, "requests": 136.57953943187906, "requests_failed": 35.7875248695131, "requests_tracking": 0.06823750419694713, "script": 0.9107416872698616, "site_reach": 0.00041000820016400333, "site_reach_rank": 635, "stylesheet": 0.8850175231213632, "tracked": 0.022442914582067312, "xhr": 0.4923788989985599}, "date_range": ["2017-05", "2018-10"]}