{"id": "noop.style", "name": "noop.style", "category": "unknown", "website_url": null, "ghostery_id": null, "company_id": null, "iab_vendor": null, "truste_type": null, "description": null, "privacy_url": null, "domains": ["noop.style"], "overview": {"bad_qs": 0.0, "beacon": 0.0, "content_length": 11.990649071246086, "cookies": 0.8175377936571966, "font": 0.0, "has_blocking": 0.012612612612612612, "hosts": 1.0, "https": 0.8245221767609827, "iframe": 0.0, "image": 0.0, "media": 0.0, "plugin": 0.9999270058971552, "reach": 0.0013030662425998164, "reach_rank": 419, "referer_leaked": 0.7490923759580476, "referer_leaked_header": 0.7490923759580476, "referer_leaked_url": 0.0, "requests": 1.079223573253424, "requests_failed": 0.26803626654372925, "requests_tracking": 0.8489079698034921, "script": 0.0, "site_reach": 0.006086788402434715, "site_reach_rank": 127, "stylesheet": 0.0, "tracked": 0.8175377936571966, "xhr": 0.0}, "date_range": ["2018-09", "2018-10"]}