{"id": "o12zs3u2n.com", "name": "o12zs3u2n.com", "category": "unknown", "website_url": null, "ghostery_id": null, "company_id": null, "iab_vendor": null, "truste_type": null, "description": null, "privacy_url": null, "domains": ["o12zs3u2n.com"], "overview": {"bad_qs": 0.0, "beacon": 0.0, "content_length": 10.032334647909432, "cookies": 0.007946318205897933, "font": 0.03678851021249044, "has_blocking": 0.9507720682009928, "hosts": 1.0, "https": 0.823061981282006, "iframe": 0.013793238762336414, "image": 3.92410775599898e-05, "media": 0.0, "plugin": 5.88616163399847e-05, "reach": 0.00012757328643766655, "reach_rank": 952, "referer_leaked": 0.006101987560578413, "referer_leaked_header": 0.006101987560578413, "referer_leaked_url": 1.9620538779994894e-05, "requests": 2.3051189985677007, "requests_failed": 2.2964074793493827, "requests_tracking": 0.009790648851217457, "script": 0.991877096945082, "site_reach": 0.00023222686675955742, "site_reach_rank": 774, "stylesheet": 0.9862263817764436, "tracked": 0.007946318205897933, "xhr": 0.0002943080816999235}, "date_range": ["2018-09", "2018-10"]}