{"id": "oclasrv.com", "name": "oclasrv.com", "category": "unknown", "website_url": null, "ghostery_id": "oclasrv.com", "company_id": null, "iab_vendor": null, "truste_type": null, "description": null, "privacy_url": null, "domains": ["oclasrv.com"], "overview": {"bad_qs": 0.0003246487800270356, "beacon": 0.0, "content_length": 20.747550251106702, "cookies": 0.007747913794239348, "font": 0.0, "has_blocking": 0.9281883248678584, "hosts": 1.0, "https": 0.7605425524061713, "iframe": 9.048890201242556e-05, "image": 1.5081483668737592e-05, "media": 0.0, "plugin": 0.0, "reach": 0.003153408292419809, "reach_rank": 195, "referer_leaked": 0.02890961666837325, "referer_leaked_header": 0.02890961666837325, "referer_leaked_url": 9.525147580255321e-06, "requests": 1.376652910766036, "requests_failed": 1.3356431816215453, "requests_tracking": 0.009967273180438841, "script": 0.9997706026957756, "site_reach": 0.002234489134227129, "site_reach_rank": 255, "stylesheet": 7.937622983546102e-07, "tracked": 0.00805113099221081, "xhr": 0.0003849747147019859}, "date_range": ["2017-08", "2018-10"]}