{"id": "octapi.net", "name": "octapi.net", "category": "unknown", "website_url": null, "ghostery_id": "octapi.net", "company_id": null, "iab_vendor": null, "truste_type": null, "description": null, "privacy_url": null, "domains": ["octapi.net"], "overview": {"bad_qs": 0.48563132071693205, "beacon": 0.0, "content_length": 1.1585060578752375, "cookies": 0.0, "font": 0.0, "has_blocking": 0.0004005206768799439, "hosts": 1.0, "https": 0.9556423350355462, "iframe": 0.0, "image": 0.0, "media": 0.0, "plugin": 0.0, "reach": 2.49980264024364e-05, "reach_rank": 1037, "referer_leaked": 0.9936917993391408, "referer_leaked_header": 0.8694302593371382, "referer_leaked_url": 0.9936917993391408, "requests": 1.6116952037648944, "requests_failed": 0.607589866826875, "requests_tracking": 0.4944427756082908, "script": 0.9985981776309202, "site_reach": 6.889026669422278e-05, "site_reach_rank": 975, "stylesheet": 0.0, "tracked": 0.48563132071693205, "xhr": 0.0}, "date_range": ["2017-05", "2018-10"]}