{"id": "othersearch.info", "name": "FlowSurf", "category": "misc", "website_url": null, "ghostery_id": "othersearch.info", "company_id": null, "iab_vendor": null, "truste_type": null, "description": null, "privacy_url": null, "domains": ["othersearch.info"], "overview": {"bad_qs": 0.15819647253229016, "beacon": 0.0, "content_length": 1266.7381040704145, "cookies": 0.9588574511853776, "font": 0.0, "has_blocking": 0.0, "hosts": 1.0, "https": 0.9936937240751358, "iframe": 0.5564698344181027, "image": 0.0076889353522409205, "media": 0.0, "plugin": 0.0, "reach": 7.422313777024597e-05, "reach_rank": 991, "referer_leaked": 0.11900988095639566, "referer_leaked_header": 0.1189424341550602, "referer_leaked_url": 0.00020234040400633998, "requests": 3.6503220584763767, "requests_failed": 0.9772367045492868, "requests_tracking": 2.11894243415506, "script": 0.9910970222237212, "site_reach": 2.666720001066688e-05, "site_reach_rank": 1043, "stylesheet": 0.0, "tracked": 0.966613833338954, "xhr": 0.8355646983441809}, "date_range": ["2017-10", "2018-10"]}