{"id": "otto.de", "name": "otto.de", "category": "misc", "website_url": null, "ghostery_id": "otto.de", "company_id": null, "iab_vendor": null, "truste_type": null, "description": null, "privacy_url": null, "domains": ["otto.de"], "overview": {"bad_qs": 0.007100591715976331, "beacon": 0.0003362022592791824, "content_length": 67656.96044916622, "cookies": 0.935785368477676, "font": 0.009346422807961271, "has_blocking": 0.0007665411511565358, "hosts": 1.0, "https": 0.9932894029047876, "iframe": 0.0012506724045185586, "image": 0.9553926842388379, "media": 6.724045185583648e-05, "plugin": 0.0, "reach": 0.00018612728980526392, "reach_rank": 895, "referer_leaked": 0.10018827326519636, "referer_leaked_header": 0.09989241527703066, "referer_leaked_url": 0.0016810112963959118, "requests": 5.081576116191501, "requests_failed": 1.0982114039806348, "requests_tracking": 3.6444055944055935, "script": 0.0076116191500806875, "site_reach": 0.00027333880010933553, "site_reach_rank": 728, "stylesheet": 0.0076250672404518565, "tracked": 0.9407880580957504, "xhr": 0.0022323830016137713}, "date_range": ["2017-05", "2018-10"]}