{"id": "perfdrive.com", "name": "perfdrive.com", "category": "unknown", "website_url": null, "ghostery_id": null, "company_id": null, "iab_vendor": null, "truste_type": null, "description": null, "privacy_url": null, "domains": ["perfdrive.com"], "overview": {"bad_qs": 0.0, "beacon": 0.0, "content_length": 5072.407666997025, "cookies": 0.0026005946481665013, "font": 0.0, "has_blocking": 3.56788899900892e-05, "hosts": 1.0, "https": 1.4256769078295342, "iframe": 0.0, "image": 2.3785926660059464e-05, "media": 0.0, "plugin": 0.0, "reach": 0.0006313960308415523, "reach_rank": 650, "referer_leaked": 0.6817918731417245, "referer_leaked_header": 0.6428820614469772, "referer_leaked_url": 0.5268820614469772, "requests": 2.695080277502478, "requests_failed": 0.7457006937561943, "requests_tracking": 0.0028186323092170467, "script": 0.9965391476709612, "site_reach": 0.0003288954667982249, "site_reach_rank": 687, "stylesheet": 4.757185332011893e-05, "tracked": 0.0026005946481665013, "xhr": 0.5288919722497523}, "date_range": ["2018-02", "2018-10"]}