{"id": "piguiqproxy.com", "name": "piguiqproxy.com", "category": "unknown", "website_url": null, "ghostery_id": null, "company_id": null, "iab_vendor": null, "truste_type": null, "description": null, "privacy_url": null, "domains": ["piguiqproxy.com"], "overview": {"bad_qs": 0.0, "beacon": 0.0, "content_length": 65455.305884957685, "cookies": 0.0424087299856759, "font": 0.0, "has_blocking": 0.21422413359320225, "hosts": 1.0, "https": 0.7226122865222627, "iframe": 0.0, "image": 0.0, "media": 0.0002851401715537456, "plugin": 0.0, "reach": 0.0007461586735295773, "reach_rank": 595, "referer_leaked": 0.7419112442510709, "referer_leaked_header": 0.7418911167095495, "referer_leaked_url": 0.00011405606862149822, "requests": 8.653816349601978, "requests_failed": 2.216421390209293, "requests_tracking": 0.1045994786966746, "script": 0.0, "site_reach": 0.0004311197335057812, "site_reach_rank": 621, "stylesheet": 0.0, "tracked": 0.0424087299856759, "xhr": 0.9996913776966712}, "date_range": ["2018-03", "2018-10"]}