{"id": "pmddby.com", "name": "pmddby.com", "category": "extensions", "website_url": null, "ghostery_id": null, "company_id": null, "iab_vendor": null, "truste_type": null, "description": null, "privacy_url": null, "domains": ["pmddby.com"], "overview": {"bad_qs": 0.0002125488862438361, "beacon": 0.0696310151334807, "content_length": 2120.7932536983512, "cookies": 0.0, "font": 0.0, "has_blocking": 0.0010202346539704133, "hosts": 1.0, "https": 0.7236439381057643, "iframe": 0.0, "image": 0.012115286515898657, "media": 0.0, "plugin": 0.0, "reach": 0.0001177638075680212, "reach_rank": 961, "referer_leaked": 0.7721263390579833, "referer_leaked_header": 0.7200731168168679, "referer_leaked_url": 0.4240137731678286, "requests": 2.945544975344329, "requests_failed": 0.5479510287366094, "requests_tracking": 0.00027631355211698693, "script": 0.8899209318143173, "site_reach": 0.0008277943336644512, "site_reach_rank": 482, "stylesheet": 0.0, "tracked": 0.0002125488862438361, "xhr": 4.2509777248767215e-05}, "date_range": ["2017-11", "2018-10"]}