{"id": "pornhub", "name": "PornHub", "category": "pornvertising", "website_url": null, "ghostery_id": "c_m9", "company_id": null, "iab_vendor": null, "truste_type": null, "description": null, "privacy_url": null, "domains": ["phncdn.com", "pornhub.com"], "overview": {"bad_qs": 0.0015339595382104613, "beacon": 2.944260150116048e-07, "content_length": 162592820.26533967, "cookies": 0.1547202820365683, "font": 3.533112180139258e-06, "has_blocking": 0.7469455509137659, "hosts": 1.0285593234561257, "https": 1.7226506938590682, "iframe": 0.8304600789238376, "image": 0.9145446156989718, "media": 0.6359413491601056, "plugin": 0.005233127990816264, "reach": 0.008501479102459667, "reach_rank": 95, "referer_leaked": 0.939160397110032, "referer_leaked_header": 0.9391465590873264, "referer_leaked_url": 0.0004036580665809102, "requests": 119.00534500987652, "requests_failed": 37.16274132996353, "requests_tracking": 9.490134520301998, "script": 0.9530048971879076, "site_reach": 0.0014289174672382336, "site_reach_rank": 356, "stylesheet": 0.7460098650380591, "tracked": 0.15598572504908814, "xhr": 0.02189469618032298}, "date_range": ["2017-05", "2018-10"]}