{"id": "pub.network", "name": "pub.network", "category": "advertising", "website_url": null, "ghostery_id": null, "company_id": null, "iab_vendor": null, "truste_type": null, "description": null, "privacy_url": null, "domains": ["pub.network"], "overview": {"bad_qs": 0.0, "beacon": 0.0, "content_length": 19.17320609972869, "cookies": 0.0241393020862569, "font": 0.0, "has_blocking": 0.9556272803817007, "hosts": 1.0, "https": 1.0139489194499018, "iframe": 0.0, "image": 0.0017354289456450558, "media": 0.0, "plugin": 0.0, "reach": 0.0010702068858141288, "reach_rank": 473, "referer_leaked": 0.023977921227430067, "referer_leaked_header": 0.023152306109084104, "referer_leaked_url": 0.005676396295256806, "requests": 1.1993802039479842, "requests_failed": 1.0420058003555055, "requests_tracking": 0.13382449246889325, "script": 0.9996772382823464, "site_reach": 0.00030667280012266915, "site_reach_rank": 699, "stylesheet": 0.0, "tracked": 0.0241393020862569, "xhr": 0.020132846851903825}, "date_range": ["2018-09", "2018-10"]}