{"id": "puserving.com", "name": "puserving.com", "category": "unknown", "website_url": null, "ghostery_id": null, "company_id": null, "iab_vendor": null, "truste_type": null, "description": null, "privacy_url": null, "domains": ["puserving.com"], "overview": {"bad_qs": 0.0, "beacon": 0.0, "content_length": 5.59175099805032, "cookies": 0.0, "font": 0.0, "has_blocking": 0.9309024231733358, "hosts": 1.0, "https": 0.7054823136199053, "iframe": 1.1605236282610715e-05, "image": 0.0, "media": 0.0, "plugin": 0.0, "reach": 0.00021568338230150595, "reach_rank": 877, "referer_leaked": 0.01902098226719896, "referer_leaked_header": 0.01902098226719896, "referer_leaked_url": 0.0, "requests": 1.6545005106303965, "requests_failed": 1.625847182248631, "requests_tracking": 0.0, "script": 0.9993965277133042, "site_reach": 0.0002755610667768911, "site_reach_rank": 723, "stylesheet": 0.0, "tracked": 0.0, "xhr": 0.0004409989787392072}, "date_range": ["2018-03", "2018-10"]}