{"id": "pushnative.com", "name": "pushnative.com", "category": "unknown", "website_url": null, "ghostery_id": "pushnative.com", "company_id": null, "iab_vendor": null, "truste_type": null, "description": null, "privacy_url": null, "domains": ["pushnative.com"], "overview": {"bad_qs": 0.0, "beacon": 0.0, "content_length": 1.9331187911011611, "cookies": 0.05486217993563733, "font": 0.0, "has_blocking": 0.8906814047852246, "hosts": 1.0, "https": 0.9146634951727998, "iframe": 0.0, "image": 0.0, "media": 0.0, "plugin": 0.0, "reach": 0.0001788934561912616, "reach_rank": 906, "referer_leaked": 0.05346299146495033, "referer_leaked_header": 0.05346299146495033, "referer_leaked_url": 0.0, "requests": 1.5154750244857982, "requests_failed": 1.4453616902196726, "requests_tracking": 0.07102280677207219, "script": 0.9999300405764656, "site_reach": 4.777873335244482e-05, "site_reach_rank": 1010, "stylesheet": 0.0, "tracked": 0.05486217993563733, "xhr": 0.00015391073177557017}, "date_range": ["2017-09", "2018-10"]}