{"id": "pvclouds.com", "name": "pvclouds.com", "category": "unknown", "website_url": null, "ghostery_id": null, "company_id": null, "iab_vendor": null, "truste_type": null, "description": null, "privacy_url": null, "domains": ["pvclouds.com"], "overview": {"bad_qs": 0.0, "beacon": 0.0, "content_length": 26.609602900261358, "cookies": 3.011068688498922e-06, "font": 0.0, "has_blocking": 0.8963048165054741, "hosts": 1.0, "https": 0.614529008635745, "iframe": 4.215496163898491e-05, "image": 0.0, "media": 0.0, "plugin": 0.0, "reach": 0.0008312851259097175, "reach_rank": 558, "referer_leaked": 0.06051946957013984, "referer_leaked_header": 0.06051946957013984, "referer_leaked_url": 0.0, "requests": 1.253113445023908, "requests_failed": 1.1742686114155636, "requests_tracking": 6.022137376997844e-06, "script": 0.999710937405904, "site_reach": 0.0008000160003200064, "site_reach_rank": 493, "stylesheet": 0.0, "tracked": 3.011068688498922e-06, "xhr": 0.00030712900622689005}, "date_range": ["2018-05", "2018-10"]}