{"id": "rambler", "name": "Rambler", "category": "misc", "website_url": null, "ghostery_id": "c_672", "company_id": null, "iab_vendor": null, "truste_type": null, "description": null, "privacy_url": null, "domains": ["rambler.ru", "rnet.plus", "top100.ru"], "overview": {"bad_qs": 0.2396429099564112, "beacon": 0.049723256976670495, "content_length": 8821.173082339852, "cookies": 0.5006284812934392, "font": 0.005196149539817898, "has_blocking": 0.3846886464942363, "hosts": 1.3989620376173342, "https": 0.9554816948221592, "iframe": 0.05097493820814174, "image": 0.6561070073023539, "media": 5.633445767521777e-06, "plugin": 4.225084325641333e-06, "reach": 0.0071091313335007325, "reach_rank": 102, "referer_leaked": 0.5874937503961016, "referer_leaked_header": 0.5745896386848721, "referer_leaked_url": 0.22599623967495014, "requests": 6.415934553443796, "requests_failed": 3.3418413621671865, "requests_tracking": 2.763417459456795, "script": 0.7891087888795779, "site_reach": 0.00814682960325873, "site_reach_rank": 96, "stylesheet": 0.035395643938060266, "tracked": 0.5472096838932744, "xhr": 0.07765669781492722}, "date_range": ["2017-05", "2018-10"]}