{"id": "redtube.com", "name": "redtube.com", "category": "cdn", "website_url": null, "ghostery_id": "redtube.com", "company_id": null, "iab_vendor": null, "truste_type": null, "description": null, "privacy_url": null, "domains": ["rdtcdn.com", "redtube.com"], "overview": {"bad_qs": 0.0, "beacon": 0.0, "content_length": 110467394.30860102, "cookies": 0.1513036846723111, "font": 0.10182178965567028, "has_blocking": 0.11944365261236715, "hosts": 1.1137720782321865, "https": 1.4229284130327744, "iframe": 0.047867791602960175, "image": 0.8126936646441013, "media": 0.5403729467382894, "plugin": 0.006623006896960229, "reach": 0.0006761231494742884, "reach_rank": 622, "referer_leaked": 0.785909173364332, "referer_leaked_header": 0.785868450571785, "referer_leaked_url": 0.0004072279254698855, "requests": 19.21284322835491, "requests_failed": 5.722426041855629, "requests_tracking": 1.1473942965878, "script": 0.14588014911946215, "site_reach": 0.0004600092001840037, "site_reach_rank": 607, "stylesheet": 0.12732906607828398, "tracked": 0.1513036846723111, "xhr": 0.01259444911316864}, "date_range": ["2017-05", "2018-10"]}