{"id": "rtbsuperhub.com", "name": "rtbsuperhub.com", "category": "advertising", "website_url": null, "ghostery_id": null, "company_id": null, "iab_vendor": null, "truste_type": null, "description": null, "privacy_url": null, "domains": ["rtbsuperhub.com"], "overview": {"bad_qs": 0.06794778148186796, "beacon": 0.0, "content_length": 10539.504088839583, "cookies": 0.7873199290425691, "font": 0.0, "has_blocking": 0.07727330144276448, "hosts": 1.0, "https": 0.8705685930986758, "iframe": 0.7753692038158841, "image": 0.135566039290206, "media": 0.0, "plugin": 0.0, "reach": 0.0004557590513048986, "reach_rank": 729, "referer_leaked": 0.4936923676825149, "referer_leaked_header": 0.2651182715384911, "referer_leaked_url": 0.26841900033501576, "requests": 4.009792345165064, "requests_failed": 1.0244286883310174, "requests_tracking": 2.47771596157754, "script": 0.7258692559904658, "site_reach": 0.0006044565335751159, "site_reach_rank": 555, "stylesheet": 1.0984122450997084e-05, "tracked": 0.8199427727220303, "xhr": 0.00012082534696096791}, "date_range": ["2018-01", "2018-10"]}