{"id": "rtl_group", "name": "RTL Group", "category": "misc", "website_url": null, "ghostery_id": "c_2991", "company_id": null, "iab_vendor": null, "truste_type": null, "description": null, "privacy_url": null, "domains": ["rtl.de", "static-fra.de", "technical-service.net"], "overview": {"bad_qs": 0.0003837238441298083, "beacon": 0.0, "content_length": 17828.811587676984, "cookies": 0.7419652925698534, "font": 0.0007791943365493046, "has_blocking": 0.0015544731236687133, "hosts": 1.5934367560456084, "https": 1.3768011527377522, "iframe": 0.00973797143215136, "image": 0.8596314684876581, "media": 0.0001409597794762561, "plugin": 0.00027017291066282423, "reach": 0.0006392606347222425, "reach_rank": 646, "referer_leaked": 0.8565538466357601, "referer_leaked_header": 0.8562954203733868, "referer_leaked_url": 0.015149260744267638, "requests": 5.15585844505701, "requests_failed": 1.3676661759178048, "requests_tracking": 2.0456983773963158, "script": 0.8124647600551309, "site_reach": 0.00028111673344578, "site_reach_rank": 717, "stylesheet": 0.02883410600175416, "tracked": 0.7419848703170029, "xhr": 0.12982787244706176}, "date_range": ["2017-05", "2018-10"]}