{"id": "s3xified.com", "name": "s3xified.com", "category": "unknown", "website_url": null, "ghostery_id": "s3xified.com", "company_id": null, "iab_vendor": null, "truste_type": null, "description": null, "privacy_url": null, "domains": ["s3xified.com"], "overview": {"bad_qs": 0.0, "beacon": 9.550733496332519e-05, "content_length": 540.1213898227384, "cookies": 0.7467145476772616, "font": 0.0, "has_blocking": 0.0003247249388753056, "hosts": 1.0, "https": 0.907281479217604, "iframe": 0.017707059902200492, "image": 0.970526436430318, "media": 0.0, "plugin": 0.0, "reach": 0.00013104001984783723, "reach_rank": 949, "referer_leaked": 0.08414196210268947, "referer_leaked_header": 0.08414196210268947, "referer_leaked_url": 0.004641656479217604, "requests": 8.338172371638143, "requests_failed": 3.1361743581907087, "requests_tracking": 5.09898380195599, "script": 0.009608037897310514, "site_reach": 0.0003755630668168919, "site_reach_rank": 651, "stylesheet": 0.0, "tracked": 0.7467145476772616, "xhr": 0.000515739608801956}, "date_range": ["2017-09", "2018-10"]}