{"id": "scribblelive", "name": "ScribbleLive", "category": "misc", "website_url": null, "ghostery_id": "c_3436", "company_id": null, "iab_vendor": null, "truste_type": null, "description": null, "privacy_url": null, "domains": ["scribblelive.com"], "overview": {"bad_qs": 0.0011709190543657715, "beacon": 0.0, "content_length": 595648.2573680081, "cookies": 0.2959966277531234, "font": 0.0003161481446787584, "has_blocking": 0.0014285212463262414, "hosts": 1.0, "https": 1.0360877252555531, "iframe": 0.1586244042949311, "image": 0.2824490942941115, "media": 0.013278222076507851, "plugin": 0.0003981124784843624, "reach": 0.00021376854399191708, "reach_rank": 879, "referer_leaked": 0.9282460803484656, "referer_leaked_header": 0.9193002587731112, "referer_leaked_url": 0.17608280739552476, "requests": 61.81314473730431, "requests_failed": 3.653056684191422, "requests_tracking": 26.446799292764894, "script": 0.919194876058218, "site_reach": 0.000197781733412446, "site_reach_rank": 821, "stylesheet": 0.015374167183822582, "tracked": 0.2963596126599768, "xhr": 0.14436261021275598}, "date_range": ["2017-05", "2018-10"]}