{"id": "sevenone_media", "name": "SevenOne Media", "category": "advertising", "website_url": null, "ghostery_id": "c_m11", "company_id": null, "iab_vendor": null, "truste_type": null, "description": null, "privacy_url": null, "domains": ["71i.de"], "overview": {"bad_qs": 0.0, "beacon": 0.0, "content_length": 155876.45509882882, "cookies": 0.10520293132159902, "font": 0.0, "has_blocking": 0.08908578082357049, "hosts": 1.0, "https": 1.0642912895731158, "iframe": 0.002877213891788241, "image": 0.007708520318723644, "media": 0.009660784890788345, "plugin": 2.010759390703345e-05, "reach": 0.0013693146419983626, "reach_rank": 408, "referer_leaked": 0.5459942930992566, "referer_leaked_header": 0.5459540779114425, "referer_leaked_url": 7.860241254567623e-05, "requests": 3.9870068384098913, "requests_failed": 1.3109401762522004, "requests_tracking": 0.5732218032124623, "script": 0.9910301851543806, "site_reach": 0.000218893266754224, "site_reach_rank": 787, "stylesheet": 0.1659827038133138, "tracked": 0.10520293132159902, "xhr": 0.007933359777865925}, "date_range": ["2017-05", "2018-10"]}