{"id": "seznam", "name": "Seznam", "category": "site_analytics", "website_url": null, "ghostery_id": "2707", "company_id": "seznam", "iab_vendor": null, "truste_type": null, "description": null, "privacy_url": null, "domains": ["imedia.cz", "szn.cz"], "overview": {"bad_qs": 0.1836864399674004, "beacon": 0.0, "content_length": 1810115.2141697663, "cookies": 0.6331872163883513, "font": 1.1738545694804519e-05, "has_blocking": 0.3602760905947418, "hosts": 1.2507336591059253, "https": 1.238569171895909, "iframe": 0.17975905796493866, "image": 0.6047715511314281, "media": 0.00861609253998652, "plugin": 0.00012577013244433413, "reach": 0.0014926377383057267, "reach_rank": 377, "referer_leaked": 0.6319496382850991, "referer_leaked_header": 0.5891341313308492, "referer_leaked_url": 0.5210740433923726, "requests": 21.298408923977824, "requests_failed": 7.352832175689137, "requests_tracking": 13.847434121604627, "script": 0.9689113001948598, "site_reach": 0.003355622668008916, "site_reach_rank": 195, "stylesheet": 0.02811717080925534, "tracked": 0.6348440282664181, "xhr": 0.1941337456357764}, "date_range": ["2018-02", "2018-10"]}