{"id": "sheego.de", "name": "sheego.de", "category": "misc", "website_url": null, "ghostery_id": "sheego.de", "company_id": null, "iab_vendor": null, "truste_type": null, "description": null, "privacy_url": null, "domains": ["sheego.de"], "overview": {"bad_qs": 0.0, "beacon": 0.0, "content_length": 9358.026969124134, "cookies": 0.9901701323251416, "font": 0.0002520478890989288, "has_blocking": 0.005419029615626968, "hosts": 1.0, "https": 0.9517328292375552, "iframe": 0.0, "image": 0.9644612476370509, "media": 0.0, "plugin": 0.0, "reach": 1.9861754230833372e-05, "reach_rank": 1042, "referer_leaked": 0.8269691241335854, "referer_leaked_header": 0.8269691241335854, "referer_leaked_url": 0.0, "requests": 2.9624448645242594, "requests_failed": 1.4075614366729678, "requests_tracking": 1.3919344675488343, "script": 0.0, "site_reach": 3.33340000133336e-06, "site_reach_rank": 1068, "stylesheet": 0.00037807183364839316, "tracked": 0.9901701323251416, "xhr": 0.0}, "date_range": ["2017-05", "2018-10"]}