{"id": "sixt-neuwagen.de", "name": "sixt-neuwagen.de", "category": "misc", "website_url": null, "ghostery_id": "sixt-neuwagen.de", "company_id": null, "iab_vendor": null, "truste_type": null, "description": null, "privacy_url": null, "domains": ["sixt-neuwagen.de"], "overview": {"bad_qs": 0.005182523170039721, "beacon": 0.0, "content_length": 54.64747493852847, "cookies": 0.9570644978248534, "font": 0.0, "has_blocking": 3.782863627766219e-05, "hosts": 1.0, "https": 0.999092112729336, "iframe": 0.0, "image": 0.9993947418195576, "media": 0.0, "plugin": 0.0, "reach": 6.61683015869036e-05, "reach_rank": 994, "referer_leaked": 0.06260639303953093, "referer_leaked_header": 0.06260639303953093, "referer_leaked_url": 0.0, "requests": 1.372233780972196, "requests_failed": 0.2999432570455835, "requests_tracking": 1.090486097976168, "script": 0.0, "site_reach": 0.00015444753339511233, "site_reach_rank": 865, "stylesheet": 0.00015131454511064875, "tracked": 0.9605447323623983, "xhr": 3.782863627766219e-05}, "date_range": ["2017-08", "2018-10"]}