{"id": "smartlink.cool", "name": "smartlink.cool", "category": "unknown", "website_url": null, "ghostery_id": null, "company_id": null, "iab_vendor": null, "truste_type": null, "description": null, "privacy_url": null, "domains": ["smartlink.cool"], "overview": {"bad_qs": 0.0, "beacon": 0.0, "content_length": 1713.6242339406915, "cookies": 0.8685448107936433, "font": 3.5288720548621974e-05, "has_blocking": 0.029569595238375306, "hosts": 1.0, "https": 0.8573865173561691, "iframe": 0.0, "image": 0.8121440250314658, "media": 0.0, "plugin": 0.0, "reach": 0.0010639617595625942, "reach_rank": 477, "referer_leaked": 0.8772987660710715, "referer_leaked_header": 0.6678602096149999, "referer_leaked_url": 0.802176137767165, "requests": 21.459576770611555, "requests_failed": 3.3925376118946518, "requests_tracking": 18.177789279286696, "script": 0.9981767494383212, "site_reach": 0.004681204735205815, "site_reach_rank": 154, "stylesheet": 0.0, "tracked": 0.8685448107936433, "xhr": 0.00235493395127804}, "date_range": ["2018-10", "2018-10"]}