{"id": "spotscenered.info", "name": "spotscenered.info", "category": "unknown", "website_url": null, "ghostery_id": "spotscenered.info", "company_id": null, "iab_vendor": null, "truste_type": null, "description": null, "privacy_url": null, "domains": ["spotscenered.info"], "overview": {"bad_qs": 0.005898016414108929, "beacon": 0.0, "content_length": 1051.3938099771026, "cookies": 0.28430754585916795, "font": 0.0, "has_blocking": 0.6131042733283594, "hosts": 1.0, "https": 0.9640458977591396, "iframe": 0.028274460366873345, "image": 0.05574493812549847, "media": 0.0, "plugin": 0.0, "reach": 0.0003891652300936419, "reach_rank": 762, "referer_leaked": 0.2662082893822841, "referer_leaked_header": 0.14366204430265764, "referer_leaked_url": 0.2617831691064859, "requests": 1.6861573490442254, "requests_failed": 0.975153721474697, "requests_tracking": 0.7111129692042502, "script": 0.22844040237721575, "site_reach": 0.0009655748670528967, "site_reach_rank": 448, "stylesheet": 0.0, "tracked": 0.2844812061025496, "xhr": 0.8164475546064988}, "date_range": ["2017-10", "2018-10"]}