{"id": "srvtrck.com", "name": "srvtrck.com", "category": "extensions", "website_url": null, "ghostery_id": "srvtrck.com", "company_id": null, "iab_vendor": null, "truste_type": null, "description": null, "privacy_url": null, "domains": ["srvtrck.com"], "overview": {"bad_qs": 4.627701420704336e-05, "beacon": 0.0, "content_length": 12343.83048729696, "cookies": 0.573140820954232, "font": 0.0, "has_blocking": 0.0007867092415197372, "hosts": 1.0, "https": 0.934795686982276, "iframe": 0.5646721273543431, "image": 0.5806376972557731, "media": 0.0, "plugin": 0.0, "reach": 5.408855036850387e-05, "reach_rank": 1005, "referer_leaked": 0.5757323337498265, "referer_leaked_header": 0.5265861446619464, "referer_leaked_url": 0.5551390624276922, "requests": 4.126058586699987, "requests_failed": 1.2250451200888521, "requests_tracking": 2.4805405155259383, "script": 0.9415058540422973, "site_reach": 6.111233335777826e-05, "site_reach_rank": 991, "stylesheet": 0.0, "tracked": 0.573140820954232, "xhr": 0.028552917765745763}, "date_range": ["2017-05", "2018-10"]}