{"id": "statsy.net", "name": "statsy.net", "category": "unknown", "website_url": null, "ghostery_id": null, "company_id": null, "iab_vendor": null, "truste_type": null, "description": null, "privacy_url": null, "domains": ["statsy.net"], "overview": {"bad_qs": 0.0, "beacon": 0.0, "content_length": 1.2158640130704568, "cookies": 0.6126539630404051, "font": 0.0, "has_blocking": 1.6930643618417152e-06, "hosts": 1.0, "https": 0.8861448077948684, "iframe": 0.0, "image": 0.0, "media": 0.0, "plugin": 0.0, "reach": 0.001478417873682492, "reach_rank": 382, "referer_leaked": 0.6159368148380161, "referer_leaked_header": 0.6136528710138915, "referer_leaked_url": 0.5546935976771157, "requests": 1.1399588585360072, "requests_failed": 0.5371974705618434, "requests_tracking": 0.6130772291308654, "script": 0.0, "site_reach": 3.33340000133336e-05, "site_reach_rank": 1029, "stylesheet": 0.0, "tracked": 0.6126539630404051, "xhr": 0.9998984161382894}, "date_range": ["2018-05", "2018-10"]}