{"id": "stickyads", "name": "StickyAds", "category": "advertising", "website_url": null, "ghostery_id": "2348", "company_id": "comcast", "iab_vendor": null, "truste_type": null, "description": null, "privacy_url": null, "domains": ["stickyadstv.com"], "overview": {"bad_qs": 0.0061537404724355356, "beacon": 3.8162731612003315e-06, "content_length": 19658.183343303346, "cookies": 0.10715331782018292, "font": 0.0, "has_blocking": 0.8712437138825523, "hosts": 1.0, "https": 0.96041666070374, "iframe": 3.8162731612003315e-06, "image": 0.9029807955593846, "media": 0.00012307480944871073, "plugin": 0.008433009617962435, "reach": 0.002623561268401812, "reach_rank": 228, "referer_leaked": 0.0770562795343765, "referer_leaked_header": 0.0711181584955488, "referer_leaked_url": 0.045946020724271404, "requests": 4.0379032250370415, "requests_failed": 2.6463249766491788, "requests_tracking": 1.1180640427880546, "script": 0.08890580769990354, "site_reach": 0.0025300506010120204, "site_reach_rank": 231, "stylesheet": 0.0, "tracked": 0.10878286646001548, "xhr": 0.1824999069783417}, "date_range": ["2017-05", "2018-10"]}