{"id": "stripchat.com", "name": "stripchat.com", "category": "pornvertising", "website_url": null, "ghostery_id": "stripchat.com", "company_id": null, "iab_vendor": null, "truste_type": null, "description": null, "privacy_url": null, "domains": ["stripcdn.com", "stripchat.com"], "overview": {"bad_qs": 0.0, "beacon": 0.0, "content_length": 2568302.106613353, "cookies": 0.01396773075878602, "font": 0.0, "has_blocking": 0.04279092415885531, "hosts": 1.0368920644136257, "https": 1.517181232773663, "iframe": 0.04135382233500954, "image": 0.9630773456691856, "media": 0.0013715520012985108, "plugin": 0.00027406068664999827, "reach": 0.004009483691033014, "reach_rank": 162, "referer_leaked": 0.6159086297902093, "referer_leaked_header": 0.6157425702397563, "referer_leaked_url": 0.007417742776253484, "requests": 200.3245908598576, "requests_failed": 44.941919735803005, "requests_tracking": 0.02909288409854948, "script": 0.04771527654221565, "site_reach": 0.0005644557335591156, "site_reach_rank": 563, "stylesheet": 0.029621652667097424, "tracked": 0.01396773075878602, "xhr": 0.015073337765749904}, "date_range": ["2017-05", "2018-10"]}