{"id": "superfastcdn.com", "name": "superfastcdn.com", "category": "unknown", "website_url": null, "ghostery_id": null, "company_id": null, "iab_vendor": null, "truste_type": null, "description": null, "privacy_url": null, "domains": ["superfastcdn.com"], "overview": {"bad_qs": 0.0, "beacon": 0.0, "content_length": 2.272721018494808, "cookies": 0.0, "font": 0.0, "has_blocking": 0.958645625112272, "hosts": 1.0, "https": 0.5912872982445412, "iframe": 0.0, "image": 0.0, "media": 0.0, "plugin": 0.0, "reach": 0.000654902235502139, "reach_rank": 635, "referer_leaked": 0.00036691497127743736, "referer_leaked_header": 0.00036691497127743736, "referer_leaked_url": 0.0, "requests": 1.0284359102740015, "requests_failed": 1.0281530799836418, "requests_tracking": 0.0, "script": 0.9999961779690492, "site_reach": 0.00041000820016400333, "site_reach_rank": 635, "stylesheet": 0.0, "tracked": 0.0, "xhr": 0.0003439827855725976}, "date_range": ["2018-04", "2018-10"]}