{"id": "t-mobile", "name": "Deutsche Telekom", "category": "misc", "website_url": null, "ghostery_id": "c_923", "company_id": null, "iab_vendor": null, "truste_type": null, "description": null, "privacy_url": null, "domains": ["sdp-campaign.de", "t-online.de", "telekom-dienste.de", "telekom.com", "telekom.de", "toi.de"], "overview": {"bad_qs": 0.0006002164284055711, "beacon": 2.9207612087862337e-06, "content_length": 51854.62942842164, "cookies": 0.6591646915018993, "font": 0.002209555854446786, "has_blocking": 0.08275538770914476, "hosts": 1.8817836504549816, "https": 1.3908664876240049, "iframe": 0.6914098952468992, "image": 0.7387641967249504, "media": 0.00019130985917549832, "plugin": 0.0007535563918668484, "reach": 0.0017139755254979006, "reach_rank": 337, "referer_leaked": 0.7945624188576027, "referer_leaked_header": 0.7710546722686866, "referer_leaked_url": 0.5214420382240019, "requests": 7.71740905114691, "requests_failed": 1.4321485265489893, "requests_tracking": 3.8397027833393937, "script": 0.5820668182541734, "site_reach": 0.00033778453346844714, "site_reach_rank": 678, "stylesheet": 0.3591324170905421, "tracked": 0.6593676844059099, "xhr": 0.008947751963116627}, "date_range": ["2017-05", "2018-10"]}