{"id": "tableteducation.com", "name": "tableteducation.com", "category": "unknown", "website_url": null, "ghostery_id": null, "company_id": null, "iab_vendor": null, "truste_type": null, "description": null, "privacy_url": null, "domains": ["tableteducation.com"], "overview": {"bad_qs": 0.0, "beacon": 0.0, "content_length": 85.51528507710808, "cookies": 0.8895670545625273, "font": 0.0, "has_blocking": 0.011627294198809006, "hosts": 1.0, "https": 0.8786631725697422, "iframe": 0.0, "image": 0.0, "media": 0.0, "plugin": 0.0, "reach": 0.0005224705161770059, "reach_rank": 697, "referer_leaked": 0.6983371100880071, "referer_leaked_header": 0.6927079091470922, "referer_leaked_url": 0.04112430712920333, "requests": 1.5805885988320008, "requests_failed": 0.5450168396947296, "requests_tracking": 0.9543148424063276, "script": 4.790809311416979e-06, "site_reach": 0.0023778253342844635, "site_reach_rank": 244, "stylesheet": 0.0, "tracked": 0.8895670545625273, "xhr": 0.999908974623083}, "date_range": ["2018-10", "2018-10"]}