{"id": "toplist.cz", "name": "toplist.cz", "category": "unknown", "website_url": null, "ghostery_id": "toplist.cz", "company_id": null, "iab_vendor": null, "truste_type": null, "description": null, "privacy_url": null, "domains": ["toplist.cz"], "overview": {"bad_qs": 0.002817704690969087, "beacon": 0.0, "content_length": 14.854019133233301, "cookies": 0.6795047629393752, "font": 0.0, "has_blocking": 0.005333269963267994, "hosts": 1.0, "https": 0.7693284357325693, "iframe": 0.00021387397051934035, "image": 0.9995722520589612, "media": 0.0, "plugin": 0.0, "reach": 0.0007373153745128747, "reach_rank": 598, "referer_leaked": 0.6356639938078393, "referer_leaked_header": 0.627937372269712, "referer_leaked_url": 0.16226923677545949, "requests": 1.4251610844428753, "requests_failed": 0.694869740567479, "requests_tracking": 0.7368637249377049, "script": 0.0010523957279523096, "site_reach": 0.0013844721338871222, "site_reach_rank": 363, "stylesheet": 3.394824928878418e-06, "tracked": 0.6814737613981247, "xhr": 3.055342435990576e-05}, "date_range": ["2018-02", "2018-10"]}