{"id": "traffic_stars", "name": "Traffic Stars", "category": "pornvertising", "website_url": null, "ghostery_id": "2817", "company_id": "traffic_stars", "iab_vendor": null, "truste_type": null, "description": null, "privacy_url": null, "domains": ["trafficstars.com", "tsyndicate.com"], "overview": {"bad_qs": 0.00014384689031320892, "beacon": 0.0, "content_length": 42444.941691545115, "cookies": 0.08837952940843556, "font": 8.489324674222165e-06, "has_blocking": 0.839423008899642, "hosts": 1.018202998618127, "https": 1.2500077818809514, "iframe": 0.11835533483311406, "image": 0.2593677339634299, "media": 0.008409147718965624, "plugin": 9.90421211992586e-06, "reach": 0.005307255968894554, "reach_rank": 123, "referer_leaked": 0.05967806594318755, "referer_leaked_header": 0.05953846371521145, "referer_leaked_url": 0.0012649093764591024, "requests": 6.277348123623433, "requests_failed": 5.136188104569615, "requests_tracking": 1.087682461526852, "script": 0.9473958996561824, "site_reach": 0.002467827134320464, "site_reach_rank": 235, "stylesheet": 0.07351236375812971, "tracked": 0.08842433417754951, "xhr": 0.2915946253142229}, "date_range": ["2017-05", "2018-10"]}