{"id": "travel_audience", "name": "Travel Audience", "category": "site_analytics", "website_url": null, "ghostery_id": "2944", "company_id": null, "iab_vendor": 423, "truste_type": null, "description": null, "privacy_url": null, "domains": ["travelaudience.com"], "overview": {"bad_qs": 0.0, "beacon": 0.0, "content_length": 103.22913679380557, "cookies": 0.13534556925724114, "font": 0.0008890163464295957, "has_blocking": 0.7309291654717522, "hosts": 1.0, "https": 1.0774017780326928, "iframe": 0.08687983940349871, "image": 0.21419558359621446, "media": 0.0, "plugin": 0.0, "reach": 0.00017456316824931558, "reach_rank": 910, "referer_leaked": 0.17302839116719246, "referer_leaked_header": 0.16049612847720104, "referer_leaked_url": 0.07857757384571265, "requests": 6.365686836822484, "requests_failed": 3.5697591052480644, "requests_tracking": 1.7584599942644106, "script": 0.9441210209349009, "site_reach": 0.0002155598667528906, "site_reach_rank": 792, "stylesheet": 0.07525093203326642, "tracked": 0.13534556925724114, "xhr": 0.07114998566102668}, "date_range": ["2018-05", "2018-10"]}