{"id": "tremor_video", "name": "Tremor Video", "category": "audio_video_player", "website_url": null, "ghostery_id": "tremorhub.com", "company_id": null, "iab_vendor": null, "truste_type": null, "description": null, "privacy_url": null, "domains": ["tremorhub.com", "tremorvideo.com", "videohub.tv"], "overview": {"bad_qs": 0.0038069207867636287, "beacon": 0.0, "content_length": 119.8688006805045, "cookies": 0.5154194236628714, "font": 0.0, "has_blocking": 0.3612809660933044, "hosts": 1.0328468934550246, "https": 0.9251166130955286, "iframe": 0.1376139112973512, "image": 0.4387232173361316, "media": 0.0, "plugin": 0.0020359356588552737, "reach": 0.00035899588872700873, "reach_rank": 776, "referer_leaked": 0.21592771033934585, "referer_leaked_header": 0.17588531825439435, "referer_leaked_url": 0.17282444238371808, "requests": 4.707571310040928, "requests_failed": 1.859067234683419, "requests_tracking": 2.455261708373134, "script": 0.007181553865140179, "site_reach": 0.0008000160003200064, "site_reach_rank": 493, "stylesheet": 1.394476478667996e-05, "tracked": 0.516416474345119, "xhr": 0.4324271560349456}, "date_range": ["2017-05", "2018-10"]}