{"id": "tripadvisor", "name": "TripAdvisor", "category": "misc", "website_url": null, "ghostery_id": "c_1402", "company_id": "iac_apps", "iab_vendor": null, "truste_type": null, "description": null, "privacy_url": null, "domains": ["jscache.com", "tacdn.com", "tamgrt.com", "tripadvisor.co.uk", "tripadvisor.com", "tripadvisor.de"], "overview": {"bad_qs": 0.005020331170088508, "beacon": 0.008963204017514163, "content_length": 280518.8521758412, "cookies": 0.7228886501477211, "font": 0.16909537223842747, "has_blocking": 0.2820067583182906, "hosts": 1.5986764439503058, "https": 1.4265157808605926, "iframe": 0.472179713802085, "image": 0.6935833453050925, "media": 0.00027326841516811474, "plugin": 0.00010462276466436392, "reach": 0.0016029474432777274, "reach_rank": 359, "referer_leaked": 0.7607855139632352, "referer_leaked_header": 0.7564428884627636, "referer_leaked_url": 0.21580865589416548, "requests": 18.74224542314443, "requests_failed": 4.744910961342669, "requests_tracking": 4.661657786744452, "script": 0.7205775801222993, "site_reach": 0.0023856032676209077, "site_reach_rank": 241, "stylesheet": 0.4698452207696488, "tracked": 0.7237459322044485, "xhr": 0.00752815445443132}, "date_range": ["2017-05", "2018-10"]}