{"id": "trsv3.com", "name": "trsv3.com", "category": "unknown", "website_url": null, "ghostery_id": "trsv3.com", "company_id": null, "iab_vendor": null, "truste_type": null, "description": null, "privacy_url": null, "domains": ["trsv3.com"], "overview": {"bad_qs": 0.0, "beacon": 0.0, "content_length": 2.1968635301968638, "cookies": 0.000333667000333667, "font": 0.0, "has_blocking": 0.0, "hosts": 1.0, "https": 0.9996663329996665, "iframe": 0.0, "image": 0.07307307307307308, "media": 0.0, "plugin": 0.0, "reach": 7.501660671683377e-06, "reach_rank": 1061, "referer_leaked": 0.24924924924924924, "referer_leaked_header": 0.24924924924924924, "referer_leaked_url": 0.0, "requests": 1.3029696363029697, "requests_failed": 1.3016349683016348, "requests_tracking": 0.000333667000333667, "script": 0.9269269269269268, "site_reach": 8.889066670222293e-06, "site_reach_rank": 1066, "stylesheet": 0.0, "tracked": 0.000333667000333667, "xhr": 0.0}, "date_range": ["2017-05", "2018-10"]}