{"id": "tubecup.org", "name": "tubecup.org", "category": "pornvertising", "website_url": null, "ghostery_id": "tubecup.org", "company_id": null, "iab_vendor": null, "truste_type": null, "description": null, "privacy_url": null, "domains": ["tubecup.org"], "overview": {"bad_qs": 0.0, "beacon": 0.0, "content_length": 1869.327444308155, "cookies": 0.8732886875321489, "font": 0.00011375776520397263, "has_blocking": 0.0009249000910062123, "hosts": 1.0, "https": 0.9761998971234124, "iframe": 0.10248585446919638, "image": 0.01487259130297155, "media": 0.0, "plugin": 0.0, "reach": 0.000506077998412957, "reach_rank": 707, "referer_leaked": 0.94274027618407, "referer_leaked_header": 0.9412020733589206, "referer_leaked_url": 0.001607446682230048, "requests": 1.7037005895619832, "requests_failed": 0.321939421517034, "requests_tracking": 1.2973232303248523, "script": 0.00012364974478692675, "site_reach": 7.222366669555613e-05, "site_reach_rank": 965, "stylesheet": 0.00012364974478692675, "tracked": 0.8732886875321489, "xhr": 0.9592302061488543}, "date_range": ["2017-06", "2018-10"]}