{"id": "undercomputer.com", "name": "undercomputer.com", "category": "unknown", "website_url": null, "ghostery_id": null, "company_id": null, "iab_vendor": null, "truste_type": null, "description": null, "privacy_url": null, "domains": ["undercomputer.com"], "overview": {"bad_qs": 0.0, "beacon": 0.0, "content_length": 114.75984023238924, "cookies": 0.9045866299736268, "font": 0.0, "has_blocking": 0.009242059396858158, "hosts": 1.0, "https": 0.8628291862553988, "iframe": 0.0, "image": 0.0, "media": 0.0, "plugin": 0.0, "reach": 0.0006548747018793867, "reach_rank": 636, "referer_leaked": 0.7051140924205941, "referer_leaked_header": 0.7005924397049268, "referer_leaked_url": 0.036639529105989374, "requests": 1.5841379046745403, "requests_failed": 0.5633298933608532, "requests_tracking": 0.970213660512938, "script": 0.0, "site_reach": 0.0027878335344484672, "site_reach_rank": 219, "stylesheet": 0.0, "tracked": 0.9045866299736268, "xhr": 0.9998738676757252}, "date_range": ["2018-08", "2018-10"]}