{"id": "upravel.com", "name": "upravel.com", "category": "unknown", "website_url": null, "ghostery_id": "upravel.com", "company_id": null, "iab_vendor": null, "truste_type": null, "description": null, "privacy_url": null, "domains": ["upravel.com"], "overview": {"bad_qs": 0.00410275923974554, "beacon": 0.0, "content_length": 191.651241072474, "cookies": 0.6654226671349959, "font": 0.0, "has_blocking": 0.002888030285290559, "hosts": 1.0, "https": 1.0202454825742495, "iframe": 0.0016050033173320845, "image": 0.9785446669008312, "media": 1.951371814385513e-05, "plugin": 4.8784295359637836e-06, "reach": 0.0005130865569317137, "reach_rank": 700, "referer_leaked": 0.5851383522616399, "referer_leaked_header": 0.5837528782734263, "referer_leaked_url": 0.03576376692815049, "requests": 3.987023377434336, "requests_failed": 1.960177379697928, "requests_tracking": 1.8812980525309293, "script": 2.927057721578269e-05, "site_reach": 0.0007855712669808952, "site_reach_rank": 497, "stylesheet": 0.0, "tracked": 0.6663788393240448, "xhr": 0.017791632517659917}, "date_range": ["2017-09", "2018-10"]}