{"id": "vacaneedasap.com", "name": "vacaneedasap.com", "category": "unknown", "website_url": null, "ghostery_id": null, "company_id": null, "iab_vendor": null, "truste_type": null, "description": null, "privacy_url": null, "domains": ["vacaneedasap.com"], "overview": {"bad_qs": 0.0, "beacon": 0.0, "content_length": 39.316881558985294, "cookies": 0.1985111078878352, "font": 0.0, "has_blocking": 0.434148473669974, "hosts": 1.0, "https": 0.9986455707615772, "iframe": 8.820450901450082e-05, "image": 0.0010055314027653094, "media": 0.0, "plugin": 0.0, "reach": 0.0012770044171364972, "reach_rank": 422, "referer_leaked": 0.15550650949276526, "referer_leaked_header": 0.15532618027433562, "referer_leaked_url": 0.0005821497594957054, "requests": 1.0498982707996032, "requests_failed": 0.8432782283830349, "requests_tracking": 0.2065651596109593, "script": 0.9978811316834516, "site_reach": 3.8889666682222536e-05, "site_reach_rank": 1022, "stylesheet": 5.880300600966721e-06, "tracked": 0.1985111078878352, "xhr": 0.002085546613142864}, "date_range": ["2018-10", "2018-10"]}