{"id": "velocecdn.com", "name": "velocecdn.com", "category": "unknown", "website_url": null, "ghostery_id": null, "company_id": null, "iab_vendor": null, "truste_type": null, "description": null, "privacy_url": null, "domains": ["velocecdn.com"], "overview": {"bad_qs": 0.0, "beacon": 0.0, "content_length": 11.010051505876481, "cookies": 0.02444679729617266, "font": 0.0, "has_blocking": 0.931142098887584, "hosts": 1.0, "https": 0.654954550918691, "iframe": 4.623507762869533e-06, "image": 4.623507762869533e-06, "media": 0.0, "plugin": 0.0, "reach": 0.0010827522055627033, "reach_rank": 469, "referer_leaked": 0.024354327140915268, "referer_leaked_header": 0.024354327140915268, "referer_leaked_url": 0.0, "requests": 1.5438493476230546, "requests_failed": 1.4813973165160943, "requests_tracking": 0.05817297467242447, "script": 0.9999329591374384, "site_reach": 0.0005200104002080041, "site_reach_rank": 579, "stylesheet": 0.0, "tracked": 0.02444679729617266, "xhr": 0.0003906864059624756}, "date_range": ["2018-03", "2018-10"]}