{"id": "videoplayerhub.com", "name": "videoplayerhub.com", "category": "unknown", "website_url": null, "ghostery_id": null, "company_id": null, "iab_vendor": null, "truste_type": null, "description": null, "privacy_url": null, "domains": ["videoplayerhub.com"], "overview": {"bad_qs": 0.0, "beacon": 0.0, "content_length": 1074.7558443317523, "cookies": 0.00036940732698910456, "font": 0.0, "has_blocking": 1.2313577566303485e-05, "hosts": 1.0, "https": 0.9908633254458028, "iframe": 0.0, "image": 0.0, "media": 0.0, "plugin": 0.0, "reach": 0.0012196568870567715, "reach_rank": 434, "referer_leaked": 0.8976269683766805, "referer_leaked_header": 0.8976269683766805, "referer_leaked_url": 0.0, "requests": 1.260813886431874, "requests_failed": 0.31545949140820123, "requests_tracking": 0.000638253770520064, "script": 0.9963326061481692, "site_reach": 0.0003877855334884476, "site_reach_rank": 645, "stylesheet": 2.0522629277172473e-06, "tracked": 0.00036940732698910456, "xhr": 0.0004104525855434495}, "date_range": ["2018-07", "2018-10"]}