{"id": "vimeo", "name": "Vimeo", "category": "audio_video_player", "website_url": null, "ghostery_id": "2727", "company_id": "iac_apps", "iab_vendor": null, "truste_type": null, "description": null, "privacy_url": null, "domains": ["vimeo.com", "vimeocdn.com"], "overview": {"bad_qs": 0.0018588402409632507, "beacon": 0.11343526559581185, "content_length": 18773039.14768494, "cookies": 0.4785902930392205, "font": 0.00351272284959707, "has_blocking": 0.0038005000966228842, "hosts": 1.5600722454739917, "https": 1.4404899240318259, "iframe": 0.5651518485087031, "image": 0.643316833546796, "media": 0.08734290415762831, "plugin": 0.0005914491675792161, "reach": 0.0029920762814312604, "reach_rank": 203, "referer_leaked": 0.8780677765610452, "referer_leaked_header": 0.8735060052586272, "referer_leaked_url": 0.03694675033399728, "requests": 33.27652214504475, "requests_failed": 6.882312490954676, "requests_tracking": 2.948394177864743, "script": 0.8667365474594038, "site_reach": 0.012579140471698324, "site_reach_rank": 65, "stylesheet": 0.6188131028996068, "tracked": 0.4791583184773906, "xhr": 0.2775067782416977}, "date_range": ["2017-05", "2018-10"]}