{"id": "vodafone.de", "name": "vodafone.de", "category": "misc", "website_url": null, "ghostery_id": null, "company_id": null, "iab_vendor": null, "truste_type": null, "description": null, "privacy_url": null, "domains": ["vodafone.de"], "overview": {"bad_qs": 0.0019692739313991285, "beacon": 1.34881776123228e-05, "content_length": 10947.230863648012, "cookies": 0.8460459407329476, "font": 0.0006204561701668487, "has_blocking": 0.003952036040410579, "hosts": 1.0, "https": 1.0502704379611272, "iframe": 0.0026436828120152685, "image": 0.9766654527306816, "media": 0.0001213935985109052, "plugin": 0.0, "reach": 0.0001855741142936049, "reach_rank": 897, "referer_leaked": 0.5406870877675717, "referer_leaked_header": 0.5405522059914485, "referer_leaked_url": 0.001416258649293894, "requests": 2.030806997666545, "requests_failed": 0.5474176883961208, "requests_tracking": 1.3838735348467068, "script": 0.02083923441103873, "site_reach": 0.00024000480009600192, "site_reach_rank": 767, "stylesheet": 0.0044241222568418784, "tracked": 0.8475026639150784, "xhr": 0.0028055409433631424}, "date_range": ["2017-06", "2018-10"]}