{"id": "vtracy.de", "name": "vtracy.de", "category": "unknown", "website_url": null, "ghostery_id": "vtracy.de", "company_id": null, "iab_vendor": null, "truste_type": null, "description": null, "privacy_url": null, "domains": ["vtracy.de"], "overview": {"bad_qs": 0.0722570557922111, "beacon": 0.0, "content_length": 3951.09266660285, "cookies": 0.420483734584151, "font": 0.0, "has_blocking": 0.0, "hosts": 1.0, "https": 0.9971003047272612, "iframe": 0.0006142408143078224, "image": 0.21169370921680308, "media": 0.0, "plugin": 4.387434387913017e-05, "reach": 0.0006275563419959191, "reach_rank": 652, "referer_leaked": 0.6826449049921026, "referer_leaked_header": 0.5779248233060514, "referer_leaked_url": 0.1149866781537676, "requests": 2.0000638172274607, "requests_failed": 0.7263557172258651, "requests_tracking": 0.9207509692241421, "script": 0.9896017805006462, "site_reach": 0.0003744519334831141, "site_reach_rank": 653, "stylesheet": 0.0, "tracked": 0.421899679318432, "xhr": 0.001962379744412004}, "date_range": ["2017-05", "2018-10"]}