{"id": "walmart", "name": "Walmart", "category": "misc", "website_url": null, "ghostery_id": "c_793", "company_id": null, "iab_vendor": null, "truste_type": null, "description": null, "privacy_url": null, "domains": ["walmart.com"], "overview": {"bad_qs": 0.015605912533593941, "beacon": 0.0, "content_length": 31488.280204006835, "cookies": 0.7165587588565844, "font": 0.2361654043488884, "has_blocking": 0.026508673344734914, "hosts": 1.0, "https": 0.929788663571952, "iframe": 0.0005497190324945028, "image": 0.5913755191790863, "media": 0.0, "plugin": 0.0, "reach": 8.196008576363047e-05, "reach_rank": 986, "referer_leaked": 0.4592902516491571, "referer_leaked_header": 0.45699975568043, "referer_leaked_url": 0.003298314194967017, "requests": 2.9302467627656976, "requests_failed": 0.9160151478133398, "requests_tracking": 1.115410456877596, "script": 0.25238211580747616, "site_reach": 0.00022111553342177954, "site_reach_rank": 782, "stylesheet": 0.025225995602247742, "tracked": 0.7185743953090643, "xhr": 0.004245052528707549}, "date_range": ["2017-09", "2018-10"]}