{"id": "webclicks24_com", "name": "webclicks24.com", "category": "unknown", "website_url": null, "ghostery_id": null, "company_id": null, "iab_vendor": null, "truste_type": null, "description": null, "privacy_url": null, "domains": ["webclicks24.com"], "overview": {"bad_qs": 0.0, "beacon": 0.0, "content_length": 1148999.7551095826, "cookies": 0.00016592002654720425, "font": 0.001304734754212106, "has_blocking": 0.0003318400530944085, "hosts": 1.0, "https": 7.541819388509284e-06, "iframe": 9.804365205062067e-05, "image": 0.9722611882890628, "media": 0.04593722189541005, "plugin": 0.0, "reach": 0.00033189028865571765, "reach_rank": 791, "referer_leaked": 0.9747198214097168, "referer_leaked_header": 0.9747198214097168, "referer_leaked_url": 0.0, "requests": 81.419400576195, "requests_failed": 16.575802826673907, "requests_tracking": 0.010173914355099024, "script": 0.9842300556586272, "site_reach": 0.0002433382000973353, "site_reach_rank": 761, "stylesheet": 0.5372641295986244, "tracked": 0.00016592002654720425, "xhr": 0.00017346184593571354}, "date_range": ["2017-05", "2018-10"]}