{"id": "wikimedia.org", "name": "WikiMedia", "category": "cdn", "website_url": null, "ghostery_id": "", "company_id": null, "iab_vendor": null, "truste_type": null, "description": null, "privacy_url": null, "domains": ["wikimedia.org", "wikipedia.org", "wikiquote.org"], "overview": {"bad_qs": 0.001804562927204364, "beacon": 0.0001287375838440794, "content_length": 392730.30732345366, "cookies": 0.8368626402289043, "font": 0.0, "has_blocking": 0.005575480609957678, "hosts": 1.0278667163391604, "https": 1.3730415049473257, "iframe": 0.00030221023543320567, "image": 0.9336501901613172, "media": 0.0015349098799633868, "plugin": 8.201429086591931e-06, "reach": 0.010071521363491832, "reach_rank": 81, "referer_leaked": 0.0658276521868365, "referer_leaked_header": 0.06344029073817584, "referer_leaked_url": 0.0028692575395364802, "requests": 18.127001614687423, "requests_failed": 5.4917795585096165, "requests_tracking": 9.64091235679497, "script": 0.5130140525274195, "site_reach": 0.002545606467684909, "site_reach_rank": 229, "stylesheet": 0.03306791354898453, "tracked": 0.8369536015333193, "xhr": 0.05108396797068561}, "date_range": ["2017-05", "2018-10"]}