{"id": "woopic.com", "name": "woopic.com", "category": "misc", "website_url": null, "ghostery_id": "woopic.com", "company_id": null, "iab_vendor": null, "truste_type": null, "description": null, "privacy_url": null, "domains": ["woopic.com"], "overview": {"bad_qs": 0.014320545978648496, "beacon": 0.0029965021818637557, "content_length": 265379.58549601794, "cookies": 0.8335015780059019, "font": 0.38245508095113306, "has_blocking": 0.08883090840729642, "hosts": 1.0, "https": 1.7737777575225877, "iframe": 0.002488350100832868, "image": 0.98101379758229, "media": 3.645934213674532e-05, "plugin": 0.3347001788786473, "reach": 0.002196907759402664, "reach_rank": 265, "referer_leaked": 0.9596303934190888, "referer_leaked_header": 0.9584944570406408, "referer_leaked_url": 0.052074194761248284, "requests": 40.3075277147968, "requests_failed": 11.738193439597126, "requests_tracking": 1.1174788364912442, "script": 0.9872415089610228, "site_reach": 5.777893335644491e-05, "site_reach_rank": 996, "stylesheet": 0.9788057286741332, "tracked": 0.8341612642276885, "xhr": 0.08513826066150919}, "date_range": ["2017-05", "2018-10"]}