{"id": "xen-media.com", "name": "xen-media.com", "category": "unknown", "website_url": null, "ghostery_id": null, "company_id": null, "iab_vendor": null, "truste_type": null, "description": null, "privacy_url": null, "domains": ["xen-media.com"], "overview": {"bad_qs": 0.0, "beacon": 0.0, "content_length": 13.400585834463644, "cookies": 0.8068123546634957, "font": 0.0, "has_blocking": 0.00824890340494762, "hosts": 1.0, "https": 0.8422673908846422, "iframe": 0.5289615456979165, "image": 0.0, "media": 0.0, "plugin": 0.4978695251715754, "reach": 0.002035483135319403, "reach_rank": 276, "referer_leaked": 0.7181292647925047, "referer_leaked_header": 0.7181292647925047, "referer_leaked_url": 3.6891339020338194e-06, "requests": 1.8016561751797533, "requests_failed": 0.961878949678984, "requests_tracking": 0.8569821163085543, "script": 0.0, "site_reach": 0.008916845003566739, "site_reach_rank": 89, "stylesheet": 0.0, "tracked": 0.8068123546634957, "xhr": 0.0}, "date_range": ["2018-10", "2018-10"]}