{"id": "xfreeservice.com", "name": "xfreeservice.com", "category": "unknown", "website_url": null, "ghostery_id": "xfreeservice.com", "company_id": null, "iab_vendor": null, "truste_type": null, "description": null, "privacy_url": null, "domains": ["xfreeservice.com"], "overview": {"bad_qs": 0.0, "beacon": 0.0, "content_length": 3354.8847427080864, "cookies": 0.003926962295470714, "font": 0.0, "has_blocking": 7.588332938107659e-05, "hosts": 1.0, "https": 1.0817737728242829, "iframe": 0.0, "image": 0.1140147023950676, "media": 0.0, "plugin": 0.0, "reach": 0.00026388474351425427, "reach_rank": 834, "referer_leaked": 0.11951624377519565, "referer_leaked_header": 0.0842779226938582, "referer_leaked_url": 0.03546597106948067, "requests": 2.2481574579084658, "requests_failed": 0.5779274365662793, "requests_tracking": 0.007740099596869811, "script": 0.4594451031539009, "site_reach": 0.0001788924667382237, "site_reach_rank": 848, "stylesheet": 0.0, "tracked": 0.003926962295470714, "xhr": 0.5390087740099597}, "date_range": ["2017-05", "2018-10"]}