{"id": "xhamster", "name": "xHamster", "category": "pornvertising", "website_url": null, "ghostery_id": "c_m3", "company_id": null, "iab_vendor": null, "truste_type": null, "description": null, "privacy_url": null, "domains": ["xhamster.com", "xhamsterlive.com", "xhcdn.com"], "overview": {"bad_qs": 0.00017425804854361712, "beacon": 5.31274538242735e-07, "content_length": 3135951.0643272526, "cookies": 0.9614778145065576, "font": 0.3886597324713935, "has_blocking": 0.023836694707336795, "hosts": 1.0639750173461138, "https": 1.7302612914433986, "iframe": 0.03920646709869912, "image": 0.9651579532329648, "media": 0.5793001626762636, "plugin": 0.0010577676056412856, "reach": 0.004711418360309238, "reach_rank": 140, "referer_leaked": 0.7489308099917865, "referer_leaked_header": 0.7469332177279938, "referer_leaked_url": 0.012743682348828486, "requests": 76.1042440335213, "requests_failed": 21.095376530203488, "requests_tracking": 52.62194928878278, "script": 0.9020999157398584, "site_reach": 0.0013633606005453442, "site_reach_rank": 368, "stylesheet": 0.9561459432407534, "tracked": 0.96148312725194, "xhr": 0.17020973656220748}, "date_range": ["2017-05", "2018-10"]}