{"id": "xvideos_com", "name": "xvideos.com", "category": "misc", "website_url": null, "ghostery_id": null, "company_id": null, "iab_vendor": null, "truste_type": null, "description": null, "privacy_url": null, "domains": ["xvideos-cdn.com", "xvideos.com"], "overview": {"bad_qs": 0.0, "beacon": 0.0, "content_length": 23651618.723060943, "cookies": 0.05140963906965247, "font": 0.2070018490966046, "has_blocking": 0.005040095449511107, "hosts": 1.0368730778189217, "https": 1.6872402827359023, "iframe": 0.028015952617493692, "image": 0.9556687407604588, "media": 0.6283059137817115, "plugin": 0.014798952337039447, "reach": 0.0052657552902370605, "reach_rank": 126, "referer_leaked": 0.9370394489787188, "referer_leaked_header": 0.9370142556316636, "referer_leaked_url": 6.940054094394242e-05, "requests": 93.31994980344437, "requests_failed": 23.39811097431705, "requests_tracking": 0.3045214927771149, "script": 0.8340034129855067, "site_reach": 0.0019178161341004603, "site_reach_rank": 285, "stylesheet": 0.8367494878145009, "tracked": 0.05140963906965247, "xhr": 0.8806900125016043}, "date_range": ["2017-05", "2018-10"]}