{"id": "ymetrica1.com", "name": "ymetrica1.com", "category": "unknown", "website_url": null, "ghostery_id": null, "company_id": null, "iab_vendor": null, "truste_type": null, "description": null, "privacy_url": null, "domains": ["ymetrica1.com"], "overview": {"bad_qs": 0.0, "beacon": 0.09099264705882353, "content_length": 94.88939950980392, "cookies": 0.4784007352941176, "font": 0.0, "has_blocking": 0.13664215686274508, "hosts": 1.0, "https": 0.9990808823529412, "iframe": 0.00015318627450980392, "image": 0.43014705882352944, "media": 0.0, "plugin": 0.0, "reach": 1.6339953575158188e-05, "reach_rank": 1048, "referer_leaked": 0.6121323529411765, "referer_leaked_header": 0.608609068627451, "referer_leaked_url": 0.5431985294117647, "requests": 3.621017156862745, "requests_failed": 1.6410845588235294, "requests_tracking": 1.8930759803921569, "script": 0.00505514705882353, "site_reach": 1.5555866672889013e-05, "site_reach_rank": 1057, "stylesheet": 0.0, "tracked": 0.4784007352941176, "xhr": 0.9411764705882352}, "date_range": ["2018-03", "2018-10"]}