{"id": "youporn", "name": "YouPorn", "category": "pornvertising", "website_url": null, "ghostery_id": null, "company_id": null, "iab_vendor": null, "truste_type": null, "description": null, "privacy_url": null, "domains": ["youporn.com", "ypncdn.com"], "overview": {"bad_qs": 0.0, "beacon": 0.0, "content_length": 114937757.24990477, "cookies": 0.022111914669644392, "font": 0.3451744322989819, "has_blocking": 0.03593040737218912, "hosts": 1.0408302727349392, "https": 1.6302709901799135, "iframe": 0.020221758891728968, "image": 0.9782457609621764, "media": 0.5763870108494942, "plugin": 0.00396060333772431, "reach": 0.0008607686297641581, "reach_rank": 549, "referer_leaked": 0.8266959786208842, "referer_leaked_header": 0.8265825692742093, "referer_leaked_url": 0.00030824078839851465, "requests": 81.43754198326776, "requests_failed": 23.570076798483218, "requests_tracking": 0.04452334633178922, "script": 0.6778156778244017, "site_reach": 0.0002544495334351132, "site_reach_rank": 749, "stylesheet": 0.6843323533602608, "tracked": 0.022111914669644392, "xhr": 0.02430449537202628}, "date_range": ["2017-05", "2018-10"]}