{"id": "yume", "name": "YuMe", "category": "advertising", "website_url": null, "ghostery_id": "c_281", "company_id": null, "iab_vendor": null, "truste_type": null, "description": null, "privacy_url": null, "domains": ["yume.com"], "overview": {"bad_qs": 0.0, "beacon": 0.0, "content_length": 6022.46064643474, "cookies": 0.6242289661978782, "font": 0.0, "has_blocking": 0.0004934616333580064, "hosts": 1.0, "https": 0.9768073032321736, "iframe": 0.0002467308166790032, "image": 0.99506538366642, "media": 0.0, "plugin": 0.0014803849000740194, "reach": 1.0144888455900143e-05, "reach_rank": 1056, "referer_leaked": 0.4288181593881076, "referer_leaked_header": 0.4288181593881076, "referer_leaked_url": 0.09499136442141624, "requests": 1.2844806316308908, "requests_failed": 0.7192203306192944, "requests_tracking": 0.6405132000986923, "script": 0.0004934616333580064, "site_reach": 6.111233335777826e-05, "site_reach_rank": 991, "stylesheet": 0.0004934616333580064, "tracked": 0.6242289661978782, "xhr": 0.0}, "date_range": ["2017-06", "2018-10"]}