{"id": "zalando_de", "name": "zalando.de", "category": "misc", "website_url": null, "ghostery_id": null, "company_id": null, "iab_vendor": null, "truste_type": null, "description": null, "privacy_url": null, "domains": ["zalan.do", "zalando.de", "ztat.net"], "overview": {"bad_qs": 0.0, "beacon": 1.536493644678162e-05, "content_length": 5094163.49850384, "cookies": 0.0056389316759688545, "font": 0.27252019528834226, "has_blocking": 0.004094755563067302, "hosts": 1.1484905870558093, "https": 1.7751034252284574, "iframe": 7.68246822339081e-06, "image": 0.9493725344078544, "media": 0.012729849846158572, "plugin": 7.68246822339081e-06, "reach": 0.000651628237451234, "reach_rank": 637, "referer_leaked": 0.9533674178840178, "referer_leaked_header": 0.9533674178840178, "referer_leaked_url": 0.00016901430091459786, "requests": 248.81911628568022, "requests_failed": 72.78908935862914, "requests_tracking": 0.16781967710586054, "script": 0.9682867711738428, "site_reach": 9.333520003733408e-05, "site_reach_rank": 942, "stylesheet": 0.9655556537204272, "tracked": 0.0056389316759688545, "xhr": 0.8707347896732263}, "date_range": ["2017-05", "2018-10"]}