{"id": "zog.link", "name": "zog.link", "category": "unknown", "website_url": null, "ghostery_id": "zog.link", "company_id": null, "iab_vendor": null, "truste_type": null, "description": null, "privacy_url": null, "domains": ["zog.link"], "overview": {"bad_qs": 0.003659446227166007, "beacon": 0.0, "content_length": 110.09457991459624, "cookies": 0.1073754611853402, "font": 1.5018247170311927e-05, "has_blocking": 0.7972887057775196, "hosts": 1.0, "https": 1.2737626215852258, "iframe": 0.6936027273136861, "image": 0.020224572856020064, "media": 0.0, "plugin": 0.0, "reach": 0.0005000030800111633, "reach_rank": 711, "referer_leaked": 0.06296650430272781, "referer_leaked_header": 0.06293146172599709, "referer_leaked_url": 0.040714468078715635, "requests": 8.237503566833704, "requests_failed": 7.342661333520228, "requests_tracking": 0.8098439604119004, "script": 0.017115795691765495, "site_reach": 0.00018000360007200145, "site_reach_rank": 846, "stylesheet": 1.5018247170311927e-05, "tracked": 0.10772588695264748, "xhr": 0.5658124621415019}, "date_range": ["2017-05", "2018-10"]}