{"id": "zononi.com", "name": "zononi.com", "category": "pornvertising", "website_url": null, "ghostery_id": "zononi.com", "company_id": null, "iab_vendor": null, "truste_type": null, "description": null, "privacy_url": null, "domains": ["zononi.com"], "overview": {"bad_qs": 0.0, "beacon": 0.0, "content_length": 108257.99402742338, "cookies": 0.42562319490788775, "font": 0.0010094495695819195, "has_blocking": 0.015870790455093514, "hosts": 1.0, "https": 1.3195749095701428, "iframe": 0.9482376692931048, "image": 0.5212405013599529, "media": 0.024675433923113596, "plugin": 0.0005888455822561197, "reach": 8.92665080194342e-05, "reach_rank": 980, "referer_leaked": 0.7658918206544598, "referer_leaked_header": 0.7658918206544598, "referer_leaked_url": 0.003196590303676079, "requests": 2.536466365701147, "requests_failed": 0.6944732636065389, "requests_tracking": 0.917477497686678, "script": 0.041303311555393546, "site_reach": 0.00010222426670755638, "site_reach_rank": 928, "stylesheet": 0.006897905392143118, "tracked": 0.42562319490788775, "xhr": 0.005159408911196478}, "date_range": ["2017-05", "2018-10"]}