{"id": "zukxd6fkxqn.com", "name": "zukxd6fkxqn.com", "category": "unknown", "website_url": null, "ghostery_id": null, "company_id": null, "iab_vendor": null, "truste_type": null, "description": null, "privacy_url": null, "domains": ["zukxd6fkxqn.com"], "overview": {"bad_qs": 0.0, "beacon": 0.0, "content_length": 36.62673517558573, "cookies": 0.010200441715556431, "font": 0.0, "has_blocking": 0.9417193512397636, "hosts": 1.0, "https": 0.8745436744359019, "iframe": 0.009562914108334156, "image": 5.3127300601856424e-05, "media": 0.0, "plugin": 0.0, "reach": 0.00032980023638315984, "reach_rank": 793, "referer_leaked": 0.010025880585007477, "referer_leaked_header": 0.010025880585007477, "referer_leaked_url": 5.3127300601856424e-05, "requests": 2.110163252605135, "requests_failed": 2.0982779164990633, "requests_tracking": 0.011004940838955972, "script": 0.9961444758991796, "site_reach": 0.0002844501334471134, "site_reach_rank": 714, "stylesheet": 0.9899968882581076, "tracked": 0.010200441715556431, "xhr": 0.0001821507449206506}, "date_range": ["2018-08", "2018-10"]}